variant_relation_id,variant_formula_id,variant_formula_name,base_formula_id,base_formula_name,relation_type_original,relation_type_normalized,evidence_class,evidence_text,source_ref_id,source_book,confidence_label,confidence_score,origin,added_herbs_text_candidate,removed_herbs_text_candidate,merge_policy,added_herbs_computed_v4_6,removed_herbs_computed_v4_6,dose_or_processing_changes_v4_6,delta_summary_v4_6,delta_basis_v4_6
vrel_v39_wuling_yinchen_addition,can_9225c672aa,茵陳五苓散,can_4ec3299305,五苓散,named_variant_from_base_formula,addition_of,official_and_classic_formula_relation,《金匱要略》原方作「茵陳蒿末十分，五苓散五分」；衛福部處方展開為茵陳蒿、澤瀉、豬苓、茯苓、白朮、桂枝。故以五苓散為母方、茵陳五苓散為加茵陳蒿之命名變方。,mohw_068_and_classic_jingui,金匱要略／衛福部中醫藥司,high,0.96,v3.9_manual_repair,茵陳蒿,,manual_verified_v3_9,茵陳蒿,,澤瀉:7.5->2.5；豬苓:4.5->1.5；茯苓:4.5->1.5；白朮:4.5->1.5；桂枝:3->1,加：茵陳蒿；劑量／炮製調整：澤瀉（7.5→2.5）、豬苓（4.5→1.5）、茯苓（4.5→1.5）、白朮（4.5→1.5）、桂枝（3→1）,computed_from_preferred_composition_versions
fvar_7e9f31610a28,can_eaa4fac2c8,通脈四逆湯,can_4bd7a9684a,四逆湯,named_dose_strengthened_variant,variant_of,taxonomy_variant_alias,四逆湯方：甘草二兩、乾薑一兩半、附子一枚；通脈四逆湯方：甘草二兩、附子大者一枚、乾薑三兩，強人可四兩。,,mb_shanghan,0.98,0.98,H_master_v2_relation,,,do_not_merge; preserve canonical nodes; use relation for family navigation,,,附子:一枚->大者一枚；乾薑:一兩半->三兩,劑量／炮製調整：附子（一枚→大者一枚）、乾薑（一兩半→三兩）,computed_from_preferred_composition_versions
fvar_4c3471a274d6,can_78057b3b1b,通脈四逆加豬膽汁湯,can_eaa4fac2c8,通脈四逆湯,named_variant_add_herb,variant_of,taxonomy_variant_alias,通脈四逆加豬膽汁湯方：甘草、乾薑、附子、豬膽汁半合。,,mb_shanghan,0.96,0.96,H_master_v2_relation,豬膽汁,,do_not_merge; preserve canonical nodes; use relation for family navigation,豬膽汁,,附子:大者一枚->大者一枚,加：豬膽汁；劑量／炮製調整：附子（大者一枚→大者一枚）,computed_from_preferred_composition_versions
fvar_26a4bc358a64,can_6e13529ee9,茯苓四逆湯,can_4bd7a9684a,四逆湯,named_variant_add_herbs,variant_of,taxonomy_variant_alias,茯苓四逆湯方含茯苓、人參、附子、甘草、乾薑；相對四逆湯多茯苓、人參。,,mb_shanghan,0.96,0.96,H_master_v2_relation,,,do_not_merge; preserve canonical nodes; use relation for family navigation,茯苓、人參,,,加：茯苓、人參,computed_from_preferred_composition_versions
fvar_79cdf1c7cedf,can_32a7831dff,桂枝救逆湯,can_2849adeebb,桂枝湯,named_variant,variant_of,taxonomy_variant_alias,火邪者，桂枝去芍藥加蜀漆牡蠣龍骨救逆湯主之；桂枝救逆湯方。外部宋本與醫砭對照確認為桂枝湯去芍藥，加蜀漆、牡蠣、龍骨。,,mb_jingui,0.96,0.96,H_master_v2_relation,,,do_not_merge; preserve canonical nodes; use relation for family navigation,牡蠣、龍骨、蜀漆,芍藥,,加：牡蠣、龍骨、蜀漆；去：芍藥,computed_from_preferred_composition_versions
fvar_d117b8292ae3,can_98480251f0,四逆加人參湯,can_4bd7a9684a,四逆湯,named_variant_add_herb,variant_of,taxonomy_variant_alias,四逆加人參湯,,mb_shanghan,0.96,0.96,H_master_v2_relation,人參,,do_not_merge; preserve canonical nodes; use relation for family navigation,人參,,附子:一枚->一枚,加：人參；劑量／炮製調整：附子（一枚→一枚）,computed_from_preferred_composition_versions
fvar_15239bdc44e6,can_239d9dd90c,六味地黃丸,can_ddf23de8f1,六味地黃丸+黃連阿膠湯,component_of_combo,component_of_combo,explicit_or_seed_relation,六味地黃丸 是不寐陰虛火旺合方的一部分,,v146_graph,high,0.9,H_master_v2_relation,,,do_not_merge; preserve canonical nodes; use relation for family navigation,,芍藥、阿膠、雞子黃、黃芩、黃連,,去：芍藥、阿膠、雞子黃、黃芩、黃連,computed_from_preferred_composition_versions
fvar_a1d63bead7dd,can_8f60eaf66d,四逆散去柴胡加旋覆花代赭石,can_6e63275c1f,四逆散,formula_variant_of,variant_of,taxonomy_variant_alias,四逆散去柴胡加旋覆花代赭石以四逆散為母方。,,v146_graph,high,0.9,H_master_v2_relation,旋覆花代赭石,柴胡,do_not_merge; preserve canonical nodes; use relation for family navigation,代赭石、旋覆花、旋覆花代赭石,柴胡,,加：代赭石、旋覆花、旋覆花代赭石；去：柴胡,computed_from_preferred_composition_versions
fvar_c379a8d530ed,can_8f60eaf66d,四逆散去柴胡加旋覆花代赭石,can_6e63275c1f,四逆散,has_formula_variant,variant_of,taxonomy_variant_alias,四逆散去柴胡加旋覆花代赭石為四逆散加減。,,v146_graph,high,0.9,H_master_v2_relation,旋覆花代赭石,柴胡,do_not_merge; preserve canonical nodes; use relation for family navigation,代赭石、旋覆花、旋覆花代赭石,柴胡,,加：代赭石、旋覆花、旋覆花代赭石；去：柴胡,computed_from_preferred_composition_versions
fvar_693ff34aea77,can_cea0605525,溫膽湯加川連銀花,can_1058a353ca,溫膽湯,formula_variant_of,variant_of,taxonomy_variant_alias,溫膽湯加川連銀花以溫膽湯為母方。,,v146_graph,high,0.9,H_master_v2_relation,川連銀花,,do_not_merge; preserve canonical nodes; use relation for family navigation,金銀花、黃連、川連銀花,,,加：金銀花、黃連、川連銀花,computed_from_preferred_composition_versions
fvar_b6119eb0e0c1,can_cea0605525,溫膽湯加川連銀花,can_1058a353ca,溫膽湯,has_formula_variant,variant_of,taxonomy_variant_alias,溫膽湯加川連銀花為溫膽湯加味。,,v146_graph,high,0.9,H_master_v2_relation,川連銀花,,do_not_merge; preserve canonical nodes; use relation for family navigation,金銀花、黃連、川連銀花,,,加：金銀花、黃連、川連銀花,computed_from_preferred_composition_versions
fvar_78798e10866f,can_ddf23de8f1,六味地黃丸+黃連阿膠湯,can_2894f9f3f7,黃連阿膠湯,combines_formula,compound_contains_formula,explicit_or_seed_relation,合方節點包含 黃連阿膠湯,,v146_graph,high,0.9,H_master_v2_relation,,,do_not_merge; preserve canonical nodes; use relation for family navigation,,,,,
fvar_6d07dc1de3ee,can_ddf23de8f1,六味地黃丸+黃連阿膠湯,can_239d9dd90c,六味地黃丸,combines_formula,compound_contains_formula,explicit_or_seed_relation,合方節點包含 六味地黃丸,,v146_graph,high,0.9,H_master_v2_relation,,,do_not_merge; preserve canonical nodes; use relation for family navigation,,,,,
fvar_1d2561f97c81,can_2894f9f3f7,黃連阿膠湯,can_ddf23de8f1,六味地黃丸+黃連阿膠湯,component_of_combo,component_of_combo,explicit_or_seed_relation,黃連阿膠湯 是不寐陰虛火旺合方的一部分,,v146_graph,high,0.9,H_master_v2_relation,,,do_not_merge; preserve canonical nodes; use relation for family navigation,,山茱萸、山藥、澤瀉、熟地黃、牡丹皮、茯苓,黃連:->四兩；黃芩:->二兩；芍藥:->二兩；雞子黃:->二枚；阿膠:->三兩,去：山茱萸、山藥、澤瀉、熟地黃、牡丹皮、茯苓；劑量／炮製調整：黃連（原方→四兩）、黃芩（原方→二兩）、芍藥（原方→二兩）、雞子黃（原方→二枚）、阿膠（原方→三兩）,computed_from_preferred_composition_versions
fvar_84a73aacd6a5,can_ade50c4bf6,桂苓五味甘草去桂加薑辛夏湯,can_bf1d0528e8,桂苓五味甘草湯,named_variant,variant_of,taxonomy_variant_alias,桂苓五味甘草湯去桂加乾薑、細辛；嘔者復納半夏,,mb_jingui,0.9,0.9,H_master_v2_relation,薑辛夏,桂,do_not_merge; preserve canonical nodes; use relation for family navigation,細辛、乾薑、半夏、薑辛夏,桂枝,甘草:三兩->二兩,加：細辛、乾薑、半夏、薑辛夏；去：桂枝；劑量／炮製調整：甘草（三兩→二兩）,computed_from_preferred_composition_versions
fvar_e87714bebe5c,can_479e52b534,越婢加朮湯,can_1456bfc3e0,越婢湯,named_variant,variant_of,taxonomy_variant_alias,越婢湯，於內加白朮四兩,,mb_jingui,0.9,0.9,H_master_v2_relation,朮,,do_not_merge; preserve canonical nodes; use relation for family navigation,白朮、朮,,,加：白朮、朮,computed_from_preferred_composition_versions
fvar_34e8f02750bc,can_17d6d4d2a6,白朮附子湯,can_70d8a89772,桂枝附子湯,named_variant,variant_of,taxonomy_variant_alias,白朮附子湯(去桂加白朮湯),,mb_jingui,0.84,0.84,H_master_v2_relation,,,do_not_merge; preserve canonical nodes; use relation for family navigation,白朮,桂枝,"附子:三枚,,,破八片->一枚半；甘草:二兩->一兩；生薑:三兩->一兩半；大棗:十二枚->六枚","加：白朮；去：桂枝；劑量／炮製調整：附子（三枚,,,破八片→一枚半）、甘草（二兩→一兩）、生薑（三兩→一兩半）、大棗（十二枚→六枚）",computed_from_preferred_composition_versions
fvar_0cdfa10f9efa,can_4702b3ae84,黃耆建中湯,can_17b038dbde,小建中湯,named_variant,variant_of,taxonomy_variant_alias,於小建中湯內加黃耆一兩半,,mb_jingui,0.84,0.84,H_master_v2_relation,,,do_not_merge; preserve canonical nodes; use relation for family navigation,黃耆,,甘草:二兩->三兩；大棗:二十枚->十二枚,加：黃耆；劑量／炮製調整：甘草（二兩→三兩）、大棗（二十枚→十二枚）,computed_from_preferred_composition_versions
fvar_0c7e2e7329cb,can_8385e54d5e,苓甘五味薑辛湯,can_bf1d0528e8,桂苓五味甘草湯,named_variant,variant_of,taxonomy_variant_alias,桂苓五味甘草湯去桂加乾薑、細辛,,mb_jingui,0.84,0.84,H_master_v2_relation,,,do_not_merge; preserve canonical nodes; use relation for family navigation,乾姜、細辛,桂枝,,加：乾姜、細辛；去：桂枝,computed_from_preferred_composition_versions
fvar_62b3f7b1f0e3,can_ccabb452af,苓甘五味加薑辛半夏杏仁湯,can_8385e54d5e,苓甘五味薑辛湯,named_variant,variant_of,taxonomy_variant_alias,苓甘五味加薑辛半夏杏仁湯,,mb_jingui,0.84,0.84,H_master_v2_relation,薑辛半夏杏仁,,do_not_merge; preserve canonical nodes; use relation for family navigation,五味、乾薑、半夏、杏仁、薑辛半夏杏仁,乾姜、五味子,,加：五味、乾薑、半夏、杏仁、薑辛半夏杏仁；去：乾姜、五味子,computed_from_preferred_composition_versions
fvar_acec48fae2f1,can_f6f14b7644,桂枝加黃耆湯,can_2849adeebb,桂枝湯,named_variant,variant_of,taxonomy_variant_alias,桂枝加黃耆湯,,mb_jingui,0.84,0.84,H_master_v2_relation,黃耆,,do_not_merge; preserve canonical nodes; use relation for family navigation,黃耆,,,加：黃耆,computed_from_preferred_composition_versions
fvar_aadf1665c16f,can_a5504301bc,桂枝加龍骨牡蠣湯,can_2849adeebb,桂枝湯,named_variant,variant_of,taxonomy_variant_alias,桂枝加龍骨牡蠣湯,,mb_jingui,0.84,0.84,H_master_v2_relation,龍骨牡蠣,,do_not_merge; preserve canonical nodes; use relation for family navigation,附子、龍骨、牡蠣,,,加：附子、龍骨、牡蠣,computed_from_preferred_composition_versions
fvar_93aafe1e36bb,can_072d834e75,桂枝去芍藥加麻黃細辛附子湯,can_2849adeebb,桂枝湯,named_variant,variant_of,taxonomy_variant_alias,桂枝去芍藥加麻黃細辛附子湯,,mb_jingui,0.84,0.84,H_master_v2_relation,麻黃細辛附子,芍藥,do_not_merge; preserve canonical nodes; use relation for family navigation,麻黃、細辛、附子,芍藥,,加：麻黃、細辛、附子；去：芍藥,computed_from_preferred_composition_versions
fvar_5d243ade0932,can_44bdb5ddeb,烏頭桂枝湯,can_2849adeebb,桂枝湯,named_variant,variant_of,taxonomy_variant_alias,烏頭桂枝湯,,mb_jingui,0.84,0.84,H_master_v2_relation,,,do_not_merge; preserve canonical nodes; use relation for family navigation,烏頭,,,加：烏頭；資料不足，採候選關係文字輔助顯示,variant_name_or_evidence_implies_base_formula_but_composition_incomplete
fvar_b1b952dcc4ab,can_e4355f999b,桂枝加桂湯,can_2849adeebb,桂枝湯,named_variant,variant_of,taxonomy_variant_alias,桂枝加桂湯：桂枝湯加重桂枝,,mb_jingui,0.84,0.84,H_master_v2_relation,桂,,do_not_merge; preserve canonical nodes; use relation for family navigation,,,桂枝:三兩->五兩,劑量／炮製調整：桂枝（三兩→五兩）,computed_from_preferred_composition_versions
fvar_c396ebdd3d79,can_0e1aca45b9,白頭翁加甘草阿膠湯,can_922833cbb5,白頭翁湯,named_variant,variant_of,taxonomy_variant_alias,白頭翁加甘草阿膠湯,,mb_jingui,0.84,0.84,H_master_v2_relation,甘草阿膠,,do_not_merge; preserve canonical nodes; use relation for family navigation,甘草、阿膠、柏皮、甘草阿膠,黃柏,,加：甘草、阿膠、柏皮、甘草阿膠；去：黃柏,computed_from_preferred_composition_versions
fvar_25df9acfcc60,can_4bc4dfa755,越婢加半夏湯,can_1456bfc3e0,越婢湯,named_variant,variant_of,taxonomy_variant_alias,越婢加半夏湯,,mb_jingui,0.84,0.84,H_master_v2_relation,半夏,,do_not_merge; preserve canonical nodes; use relation for family navigation,半夏,,,加：半夏,computed_from_preferred_composition_versions
fvar_a7b2fe9f1851,can_b7bc26913a,小半夏加茯苓湯,can_f51682eb9f,小半夏湯,named_variant,variant_of,taxonomy_variant_alias,小半夏加茯苓湯,,mb_jingui,0.84,0.84,H_master_v2_relation,茯苓,,do_not_merge; preserve canonical nodes; use relation for family navigation,茯苓,,,加：茯苓,computed_from_preferred_composition_versions
fvar_435d4de4fe90,can_738e7dea8a,小青龍加石膏湯,can_0a5b7e34af,小青龍湯,named_variant,variant_of,taxonomy_variant_alias,小青龍加石膏湯,,mb_jingui,0.84,0.84,H_master_v2_relation,石膏,,do_not_merge; preserve canonical nodes; use relation for family navigation,石膏,,,加：石膏,computed_from_preferred_composition_versions
fvar_066dff09186d,can_444341c48f,木防己去石膏加茯苓芒硝湯,can_d02d5ea55c,木防己湯,named_variant,variant_of,taxonomy_variant_alias,木防己湯去石膏加茯苓芒硝湯,,mb_jingui,0.84,0.84,H_master_v2_relation,茯苓芒硝,石膏,do_not_merge; preserve canonical nodes; use relation for family navigation,芒硝、茯苓、茯苓芒硝,石膏,木防己:三兩->二兩,加：芒硝、茯苓、茯苓芒硝；去：石膏；劑量／炮製調整：木防己（三兩→二兩）,computed_from_preferred_composition_versions
fvar_5e09094dd15f,can_5a2b52f66f,枳實薤白桂枝湯,can_2849adeebb,桂枝湯,named_variant,variant_of,taxonomy_variant_alias,枳實薤白桂枝湯,,mb_jingui,0.84,0.84,H_master_v2_relation,,,do_not_merge; preserve canonical nodes; use relation for family navigation,枳實、厚朴、薤白、栝蔞,,桂枝:三兩->一兩,加：枳實、厚朴、薤白、栝蔞；劑量／炮製調整：桂枝（三兩→一兩）；資料不足，採候選關係文字輔助顯示,variant_name_or_evidence_implies_base_formula_but_composition_incomplete
fvar_4e364329f5a2,can_4d1113ca58,栝蔞桂枝湯,can_2849adeebb,桂枝湯,named_variant,variant_of,taxonomy_variant_alias,栝蔞桂枝湯,,mb_jingui,0.84,0.84,H_master_v2_relation,,,do_not_merge; preserve canonical nodes; use relation for family navigation,栝蔞根,,,加：栝蔞根,computed_from_preferred_composition_versions
fvar_e33ee6a580be,can_e4355f999b,桂枝加桂湯,can_2849adeebb,桂枝湯,named_variant,variant_of,taxonomy_variant_alias,桂枝加桂湯,,mb_jingui,0.84,0.84,H_master_v2_relation,桂,,do_not_merge; preserve canonical nodes; use relation for family navigation,,,桂枝:三兩->五兩,劑量／炮製調整：桂枝（三兩→五兩）,computed_from_preferred_composition_versions
fvar_d684c653f479,can_6dec689ab1,白虎加桂枝湯,can_2849adeebb,桂枝湯,named_variant,variant_of,taxonomy_variant_alias,白虎加桂枝湯,,mb_jingui,0.84,0.84,H_master_v2_relation,桂枝,,do_not_merge; preserve canonical nodes; use relation for family navigation,知母、石膏、粳米,,桂枝:三兩->三兩,加：知母、石膏、粳米；劑量／炮製調整：桂枝（三兩→三兩）；資料不足，採候選關係文字輔助顯示,variant_name_or_evidence_implies_base_formula_but_composition_incomplete
fvar_eeee733a61ed,can_b7bc26913a,小半夏加茯苓湯,can_b7bc26913a,小半夏加茯苓湯,has_variant,variant_of,taxonomy_variant_alias,小半夏加茯苓湯,,mb_jingui,0.84,0.84,H_master_v2_relation,茯苓,,do_not_merge; preserve canonical nodes; use relation for family navigation,,,"茯苓:三兩,一法四兩->三兩,一法四兩","劑量／炮製調整：茯苓（三兩,一法四兩→三兩,一法四兩）",computed_from_preferred_composition_versions
fvar_67b30ebda76c,can_738e7dea8a,小青龍加石膏湯,can_738e7dea8a,小青龍加石膏湯,has_variant,variant_of,taxonomy_variant_alias,小青龍加石膏湯,,mb_jingui,0.84,0.84,H_master_v2_relation,石膏,,do_not_merge; preserve canonical nodes; use relation for family navigation,,,石膏:二兩->二兩,劑量／炮製調整：石膏（二兩→二兩）,computed_from_preferred_composition_versions
fvar_374a806b41b6,can_444341c48f,木防己去石膏加茯苓芒硝湯,can_444341c48f,木防己去石膏加茯苓芒硝湯,has_variant,variant_of,taxonomy_variant_alias,木防己去石膏加茯苓芒硝湯,,mb_jingui,0.84,0.84,H_master_v2_relation,茯苓芒硝,石膏,do_not_merge; preserve canonical nodes; use relation for family navigation,茯苓芒硝,,,加：茯苓芒硝,computed_from_preferred_composition_versions
fvar_f46886bfb64c,can_5a2b52f66f,枳實薤白桂枝湯,can_5a2b52f66f,枳實薤白桂枝湯,has_variant,variant_of,taxonomy_variant_alias,枳實薤白桂枝湯,,mb_jingui,0.84,0.84,H_master_v2_relation,,,do_not_merge; preserve canonical nodes; use relation for family navigation,,,,未能由目前結構化組成判定明確加減；請看原文依據,computed_from_preferred_composition_versions
fvar_3138adf89e1b,can_0e1aca45b9,白頭翁加甘草阿膠湯,can_0e1aca45b9,白頭翁加甘草阿膠湯,has_variant,variant_of,taxonomy_variant_alias,白頭翁加甘草阿膠湯,,mb_jingui,0.84,0.84,H_master_v2_relation,甘草阿膠,,do_not_merge; preserve canonical nodes; use relation for family navigation,甘草阿膠,,,加：甘草阿膠,computed_from_preferred_composition_versions
fvar_b0d4aa4319ef,can_4bc4dfa755,越婢加半夏湯,can_4bc4dfa755,越婢加半夏湯,has_variant,variant_of,taxonomy_variant_alias,越婢加半夏湯,,mb_jingui,0.84,0.84,H_master_v2_relation,半夏,,do_not_merge; preserve canonical nodes; use relation for family navigation,,,半夏:半升->半升,劑量／炮製調整：半夏（半升→半升）,computed_from_preferred_composition_versions
fvar_274c1ed0cd98,can_6dec689ab1,白虎加桂枝湯,can_6dec689ab1,白虎加桂枝湯,has_variant,variant_of,taxonomy_variant_alias,白虎加桂枝湯,,mb_jingui,0.84,0.84,H_master_v2_relation,桂枝,,do_not_merge; preserve canonical nodes; use relation for family navigation,,,桂枝:三兩->三兩,劑量／炮製調整：桂枝（三兩→三兩）,computed_from_preferred_composition_versions
fvar_2d1405a29dce,can_44bdb5ddeb,烏頭桂枝湯,can_44bdb5ddeb,烏頭桂枝湯,has_variant,variant_of,taxonomy_variant_alias,烏頭桂枝湯,,mb_jingui,0.84,0.84,H_master_v2_relation,,,do_not_merge; preserve canonical nodes; use relation for family navigation,,,,未能由目前結構化組成判定明確加減；請看原文依據,computed_from_preferred_composition_versions
fvar_964572219776,can_ade50c4bf6,桂苓五味甘草去桂加薑辛夏湯,can_ade50c4bf6,桂苓五味甘草去桂加薑辛夏湯,has_variant,variant_of,taxonomy_variant_alias,桂苓五味甘草去桂加薑辛夏湯,,mb_jingui,0.84,0.84,H_master_v2_relation,薑辛夏,桂,do_not_merge; preserve canonical nodes; use relation for family navigation,薑辛夏,,,加：薑辛夏,computed_from_preferred_composition_versions
fvar_6ee05c4b53a5,can_072d834e75,桂枝去芍藥加麻黃細辛附子湯,can_072d834e75,桂枝去芍藥加麻黃細辛附子湯,has_variant,variant_of,taxonomy_variant_alias,桂枝去芍藥加麻黃細辛附子湯,,mb_jingui,0.84,0.84,H_master_v2_relation,麻黃細辛附子,芍藥,do_not_merge; preserve canonical nodes; use relation for family navigation,,芍藥,麻黃:二兩->二兩；細辛:二兩->二兩；附子:一枚->一枚,去：芍藥；劑量／炮製調整：麻黃（二兩→二兩）、細辛（二兩→二兩）、附子（一枚→一枚）,computed_from_preferred_composition_versions
fvar_6a901c062c52,can_a5504301bc,桂枝加龍骨牡蠣湯,can_a5504301bc,桂枝加龍骨牡蠣湯,has_variant,variant_of,taxonomy_variant_alias,桂枝加龍骨牡蠣湯,,mb_jingui,0.84,0.84,H_master_v2_relation,龍骨牡蠣,,do_not_merge; preserve canonical nodes; use relation for family navigation,,,龍骨:各三兩->各三兩；牡蠣:各三兩->各三兩,劑量／炮製調整：龍骨（各三兩→各三兩）、牡蠣（各三兩→各三兩）,computed_from_preferred_composition_versions
fvar_23794e2e9504,can_f6f14b7644,桂枝加黃耆湯,can_f6f14b7644,桂枝加黃耆湯,has_variant,variant_of,taxonomy_variant_alias,桂枝加黃耆湯,,mb_jingui,0.84,0.84,H_master_v2_relation,黃耆,,do_not_merge; preserve canonical nodes; use relation for family navigation,,,黃耆:二兩->二兩,劑量／炮製調整：黃耆（二兩→二兩）,computed_from_preferred_composition_versions
fvar_51eb16aadc60,can_e4355f999b,桂枝加桂湯,can_e4355f999b,桂枝加桂湯,has_variant,variant_of,taxonomy_variant_alias,桂枝加桂湯,,mb_jingui,0.84,0.84,H_master_v2_relation,桂,,do_not_merge; preserve canonical nodes; use relation for family navigation,,,桂枝:五兩->五兩,劑量／炮製調整：桂枝（五兩→五兩）,computed_from_preferred_composition_versions
fvar_08e0a60af99c,can_4d1113ca58,栝蔞桂枝湯,can_4d1113ca58,栝蔞桂枝湯,has_variant,variant_of,taxonomy_variant_alias,栝蔞桂枝湯,,mb_jingui,0.84,0.84,H_master_v2_relation,,,do_not_merge; preserve canonical nodes; use relation for family navigation,,,,未能由目前結構化組成判定明確加減；請看原文依據,computed_from_preferred_composition_versions
fvar_06f0375a99c0,can_ccabb452af,苓甘五味加薑辛半夏杏仁湯,can_ccabb452af,苓甘五味加薑辛半夏杏仁湯,has_variant,variant_of,taxonomy_variant_alias,苓甘五味加薑辛半夏杏仁湯,,mb_jingui,0.84,0.84,H_master_v2_relation,薑辛半夏杏仁,,do_not_merge; preserve canonical nodes; use relation for family navigation,薑辛半夏杏仁,,,加：薑辛半夏杏仁,computed_from_preferred_composition_versions
fvar_8c4f536942c8,can_479e52b534,越婢加朮湯,can_479e52b534,越婢加朮湯,has_variant,variant_of,taxonomy_variant_alias,越婢加朮湯,,mb_jingui,0.84,0.84,H_master_v2_relation,朮,,do_not_merge; preserve canonical nodes; use relation for family navigation,朮,,,加：朮,computed_from_preferred_composition_versions
fvar_99731807d7fd,can_fa297aa0fd,柴胡加龍骨牡蠣湯,can_2a67e77749,柴胡湯,named_variant,variant_of,taxonomy_variant_alias,柴胡加龍骨牡蠣湯；本云柴胡湯，今加龍骨等,,mb_shanghan,0.82,0.82,H_master_v2_relation,龍骨牡蠣,,do_not_merge; preserve canonical nodes; use relation for family navigation,柴胡、龍骨、黃芩、生薑、鉛丹、人參、桂枝、茯苓半、半夏、大黃、牡蠣、大棗,,,加：柴胡、龍骨、黃芩、生薑、鉛丹、人參、桂枝、茯苓半、半夏、大黃、牡蠣、大棗；資料不足，採候選關係文字輔助顯示,relation_text_only_or_incomplete_composition
fvar_ca4d12bb5958,can_b89804367c,桂枝加厚朴杏子湯,can_2849adeebb,桂枝湯,named_variant,variant_of,taxonomy_variant_alias,桂枝加厚朴杏子湯；桂枝湯加厚朴、杏子,,mb_shanghan,0.82,0.82,H_master_v2_relation,厚朴杏子,,do_not_merge; preserve canonical nodes; use relation for family navigation,厚朴、杏仁、厚朴杏子,,,加：厚朴、杏仁、厚朴杏子,computed_from_preferred_composition_versions
fvar_dc090d7ad30b,can_e4355f999b,桂枝加桂湯,can_2849adeebb,桂枝湯,named_variant,variant_of,taxonomy_variant_alias,桂枝加桂湯；本云桂枝湯，今加桂滿五兩,,mb_shanghan,0.82,0.82,H_master_v2_relation,桂,,do_not_merge; preserve canonical nodes; use relation for family navigation,,,桂枝:三兩->五兩,劑量／炮製調整：桂枝（三兩→五兩）,computed_from_preferred_composition_versions
fvar_c07a47773b20,can_a9e9beb2b4,桂枝加芍藥生薑各一兩人參三兩新加湯,can_2849adeebb,桂枝湯,named_variant,variant_of,taxonomy_variant_alias,桂枝加芍藥生薑各一兩人參三兩新加湯；桂枝湯今加芍藥、生薑、人參,,mb_shanghan,0.82,0.82,H_master_v2_relation,芍藥生薑各一兩人參三兩新加,,do_not_merge; preserve canonical nodes; use relation for family navigation,人參、芍藥生薑各一兩人參三兩新加,,芍藥:三兩->四兩；生薑:三兩->四兩,加：人參、芍藥生薑各一兩人參三兩新加；劑量／炮製調整：芍藥（三兩→四兩）、生薑（三兩→四兩）,computed_from_preferred_composition_versions
fvar_0c9d597cec7b,can_5def52eacc,桂枝加葛根湯,can_2849adeebb,桂枝湯,named_variant,variant_of,taxonomy_variant_alias,桂枝加葛根湯；桂枝湯加葛根,,mb_shanghan,0.82,0.82,H_master_v2_relation,葛根,,do_not_merge; preserve canonical nodes; use relation for family navigation,葛根,,芍藥:三兩->二兩；桂枝:三兩->二兩,加：葛根；劑量／炮製調整：芍藥（三兩→二兩）、桂枝（三兩→二兩）,computed_from_preferred_composition_versions
fvar_13f634b3e113,can_de97b9f678,桂枝加附子湯,can_2849adeebb,桂枝湯,named_variant,variant_of,taxonomy_variant_alias,桂枝加附子湯；桂枝湯今加附子,,mb_shanghan,0.82,0.82,H_master_v2_relation,附子,,do_not_merge; preserve canonical nodes; use relation for family navigation,附子,,甘草:二兩->三兩,加：附子；劑量／炮製調整：甘草（二兩→三兩）,computed_from_preferred_composition_versions
fvar_e8bb6defeeec,can_ae15981a69,桂枝去桂加茯苓白朮湯,can_2849adeebb,桂枝湯,named_variant,variant_of,taxonomy_variant_alias,桂枝去桂加茯苓白朮湯,,mb_shanghan,0.82,0.82,H_master_v2_relation,茯苓白朮,桂,do_not_merge; preserve canonical nodes; use relation for family navigation,白朮、茯苓、茯苓白朮,桂枝,,加：白朮、茯苓、茯苓白朮；去：桂枝,computed_from_preferred_composition_versions
fvar_56135f26dd7b,can_3eb22fdca8,桂枝去芍藥加蜀漆牡蠣龍骨救逆湯,can_2849adeebb,桂枝湯,named_variant,variant_of,taxonomy_variant_alias,桂枝去芍藥加蜀漆牡蠣龍骨救逆湯,,mb_shanghan,0.82,0.82,H_master_v2_relation,蜀漆牡蠣龍骨救逆,芍藥,do_not_merge; preserve canonical nodes; use relation for family navigation,牡蠣、蜀漆、龍骨、蜀漆牡蠣龍骨救逆,芍藥,,加：牡蠣、蜀漆、龍骨、蜀漆牡蠣龍骨救逆；去：芍藥,computed_from_preferred_composition_versions
fvar_c4d594bb530d,can_92d4740e5c,桂枝去芍藥加附子湯,can_2849adeebb,桂枝湯,named_variant,variant_of,taxonomy_variant_alias,桂枝去芍藥加附子湯；桂枝湯今去芍藥加附子,,mb_shanghan,0.82,0.82,H_master_v2_relation,附子,芍藥,do_not_merge; preserve canonical nodes; use relation for family navigation,附子,芍藥,,加：附子；去：芍藥,computed_from_preferred_composition_versions
fvar_8921fb425b6b,can_8f6838f146,桂枝去芍藥湯,can_2849adeebb,桂枝湯,named_variant,variant_of,taxonomy_variant_alias,桂枝去芍藥湯；桂枝湯今去芍藥,,mb_shanghan,0.82,0.82,H_master_v2_relation,,芍藥,do_not_merge; preserve canonical nodes; use relation for family navigation,,芍藥,,去：芍藥,computed_from_preferred_composition_versions
fvar_a21e8ea71bde,can_16678a6e1a,當歸四逆加吳茱萸生薑湯,can_aad8567a39,當歸四逆湯,named_variant,variant_of,taxonomy_variant_alias,當歸四逆加吳茱萸生薑湯,,mb_shanghan,0.82,0.82,H_master_v2_relation,吳茱萸生薑,,do_not_merge; preserve canonical nodes; use relation for family navigation,生薑、吳茱萸生薑,,大棗:二十五枚->二十五枚,加：生薑、吳茱萸生薑；劑量／炮製調整：大棗（二十五枚→二十五枚）,computed_from_preferred_composition_versions
fvar_6a224c989a45,can_29712407d7,白虎加人參湯,can_2ff0ddd4f5,白虎湯,named_variant,variant_of,taxonomy_variant_alias,白虎加人參湯,,mb_shanghan,0.82,0.82,H_master_v2_relation,人參,,do_not_merge; preserve canonical nodes; use relation for family navigation,人參,,石膏:一斤->一斤,加：人參；劑量／炮製調整：石膏（一斤→一斤）,computed_from_preferred_composition_versions
fvar_a7138de2c748,can_87c8ab9e40,白通加豬膽汁湯,can_53b7f575c7,白通湯,named_variant,variant_of,taxonomy_variant_alias,白通加豬膽汁湯,,mb_shanghan,0.82,0.82,H_master_v2_relation,豬膽汁,,do_not_merge; preserve canonical nodes; use relation for family navigation,人尿、豬膽汁,,,加：人尿、豬膽汁,computed_from_preferred_composition_versions
fvar_672663def297,can_9108e059f2,黃芩加半夏生薑湯,can_ff9f5b461f,黃芩湯,named_variant,variant_of,taxonomy_variant_alias,黃芩加半夏生薑湯,,mb_shanghan,0.82,0.82,H_master_v2_relation,半夏生薑,,do_not_merge; preserve canonical nodes; use relation for family navigation,半夏、生薑、半夏生薑,,,加：半夏、生薑、半夏生薑,computed_from_preferred_composition_versions
fvar_809157a492e0,can_8471a13e84,柴胡加芒硝湯,can_2a67e77749,柴胡湯,named_variant,variant_of,taxonomy_variant_alias,柴胡加芒硝湯,,mb_shanghan,0.82,0.82,H_master_v2_relation,芒硝,,do_not_merge; preserve canonical nodes; use relation for family navigation,芒硝,,,加：芒硝；資料不足，採候選關係文字輔助顯示,relation_text_only_or_incomplete_composition
fvar_3baf6177c37a,can_31ea8af2d7,桂枝加大黃湯,can_2849adeebb,桂枝湯,named_variant,variant_of,taxonomy_variant_alias,桂枝加大黃湯；桂枝加芍藥湯基礎上加大黃,,mb_shanghan,0.82,0.82,H_master_v2_relation,大黃,,do_not_merge; preserve canonical nodes; use relation for family navigation,大黃,,芍藥:三兩->六兩,加：大黃；劑量／炮製調整：芍藥（三兩→六兩）,computed_from_preferred_composition_versions
fvar_6edcf6fc562b,can_a2c8064f4e,桂枝加芍藥湯,can_2849adeebb,桂枝湯,named_variant,variant_of,taxonomy_variant_alias,桂枝加芍藥湯；本云桂枝湯，今加芍藥,,mb_shanghan,0.82,0.82,H_master_v2_relation,芍藥,,do_not_merge; preserve canonical nodes; use relation for family navigation,,,芍藥:三兩->六兩,劑量／炮製調整：芍藥（三兩→六兩）,computed_from_preferred_composition_versions
fvar_d5860688646f,can_d460c9e65d,白通加諸膽汁湯,can_53b7f575c7,白通湯,named_variant,variant_of,taxonomy_variant_alias,白通加諸膽汁湯,,mb_shanghan,0.82,0.82,H_master_v2_relation,諸膽汁,,do_not_merge; preserve canonical nodes; use relation for family navigation,諸膽汁,,,加：諸膽汁；資料不足，採候選關係文字輔助顯示,variant_name_or_evidence_implies_base_formula_but_composition_incomplete
fvar_910b2a1f1020,can_5fc1013ba0,葛根加半夏湯,can_3d655bf013,葛根湯,named_variant,variant_of,taxonomy_variant_alias,葛根加半夏湯,,mb_shanghan,0.82,0.82,H_master_v2_relation,半夏,,do_not_merge; preserve canonical nodes; use relation for family navigation,半夏,,,加：半夏；資料不足，採候選關係文字輔助顯示,variant_name_or_evidence_implies_base_formula_but_composition_incomplete
fvar_6886a38fa949,can_c74df694b8,至寶丹,can_976b6669ea,局方至寶丹,alias_or_short_name_of,alias_candidate_of,taxonomy_variant_alias,v119：至寶丹視為局方至寶丹短名/別名候選,,v146_graph,medium,0.7,H_master_v2_relation,,,do_not_merge; preserve canonical nodes; use relation for family navigation,安息香、朱砂、牛黃、犀角、玳瑁、琥珀、金箔、銀箔、雄黃、麝香、龍腦,,,加：安息香、朱砂、牛黃、犀角、玳瑁、琥珀、金箔、銀箔、雄黃、麝香、龍腦；資料不足，採候選關係文字輔助顯示,relation_text_only_or_incomplete_composition
fvar_8de8e5f3d192,can_ca1a5ddd96,三子養親湯加味,can_7a66706a59,三子養親湯,base_formula_of,variant_of,explicit_or_seed_relation,v119：三子養親湯為三子養親湯加味之基礎方候選,,v146_graph,medium,0.7,H_master_v2_relation,味,,do_not_merge; preserve canonical nodes; use relation for family navigation,味,,,加：味；資料不足，採候選關係文字輔助顯示,variant_name_or_evidence_implies_base_formula_but_composition_incomplete
fvar_b2f68912c329,can_f021b59b9c,桑菊飲加黃芩、梔子,can_a9a31fe009,桑菊飲,base_formula_of,variant_of,explicit_or_seed_relation,v119：桑菊飲為桑菊飲加黃芩、梔子之基礎方,,v146_graph,medium,0.7,H_master_v2_relation,黃芩、梔子,,do_not_merge; preserve canonical nodes; use relation for family navigation,梔子、黃芩,,,加：梔子、黃芩,computed_from_preferred_composition_versions
fvar_6c35b3457a50,can_6727bb4e93,四物湯,can_7f4cabb973,元戎四物湯,component_or_name_fragment_of,related_variant_or_family,explicit_or_seed_relation,v119：四物湯疑似由元戎四物湯誤切，保守不接證型,,v146_graph,medium,0.7,H_master_v2_relation,,,do_not_merge; preserve canonical nodes; use relation for family navigation,,桃仁、紅花,,去：桃仁、紅花,computed_from_preferred_composition_versions
fvar_ae6d36a4ffa1,can_0a0f9fcbb2,桑菊飲加黃芩梔子,can_f021b59b9c,桑菊飲加黃芩、梔子,formula_variant_of,variant_of,taxonomy_variant_alias,v121 保守 alias：桑菊飲加黃芩梔子 視為 桑菊飲加黃芩、梔子 的名稱變體,,v146_graph,medium,0.7,H_master_v2_relation,黃芩梔子,,do_not_merge; preserve canonical nodes; use relation for family navigation,黃芩梔子,,,加：黃芩梔子,computed_from_preferred_composition_versions
fvar_150bc630bd97,can_0a0f9fcbb2,桑菊飲加黃芩梔子,can_f021b59b9c,桑菊飲加黃芩、梔子,has_formula_variant,variant_of,taxonomy_variant_alias,v121 保守 alias：保留兩節點但互連名稱變體,,v146_graph,medium,0.7,H_master_v2_relation,黃芩梔子,,do_not_merge; preserve canonical nodes; use relation for family navigation,黃芩梔子,,,加：黃芩梔子,computed_from_preferred_composition_versions
fvar_64f813bda084,can_f021b59b9c,桑菊飲加黃芩、梔子,can_a9a31fe009,桑菊飲,base_formula,base_formula,explicit_or_seed_relation,v121：加味方基礎為桑菊飲，保留非主方語意,,v146_graph,medium,0.7,H_master_v2_relation,黃芩、梔子,,do_not_merge; preserve canonical nodes; use relation for family navigation,梔子、黃芩,,,加：梔子、黃芩,computed_from_preferred_composition_versions
fvar_c8b90cf24149,can_b3d58e7ca0,半夏天麻白朮湯,can_60d2d48034,半夏白朮天麻湯,formula_variant_of,variant_of,taxonomy_variant_alias,v121 保守 alias：半夏天麻白朮湯／半夏白朮天麻湯 不硬合併,,v146_graph,medium,0.7,H_master_v2_relation,,,do_not_merge; preserve canonical nodes; use relation for family navigation,,,,未能由目前結構化組成判定明確加減；請看原文依據；資料不足，採候選關係文字輔助顯示,variant_name_or_evidence_implies_base_formula_but_composition_incomplete
fvar_81730c0a7cb0,can_b3d58e7ca0,半夏天麻白朮湯,can_60d2d48034,半夏白朮天麻湯,has_formula_variant,variant_of,taxonomy_variant_alias,v121 保守 alias：半夏白朮天麻湯／半夏天麻白朮湯 不硬合併,,v146_graph,medium,0.7,H_master_v2_relation,,,do_not_merge; preserve canonical nodes; use relation for family navigation,,,,未能由目前結構化組成判定明確加減；請看原文依據；資料不足，採候選關係文字輔助顯示,variant_name_or_evidence_implies_base_formula_but_composition_incomplete
fvar_6eeb6ba6ee82,can_381970419d,宣痹湯加秦艽地龍絲瓜絡威靈仙,can_7ac926917c,宣痹湯,base_formula_of,variant_of,explicit_or_seed_relation,v121：宣痹湯為濕熱入絡加味方之基礎方，不直接取代完整加味方,,v146_graph,medium,0.7,H_master_v2_relation,秦艽地龍絲瓜絡威靈仙,,do_not_merge; preserve canonical nodes; use relation for family navigation,地龍、威靈仙、秦艽、絲瓜絡、秦艽地龍絲瓜絡威靈仙,,,加：地龍、威靈仙、秦艽、絲瓜絡、秦艽地龍絲瓜絡威靈仙,computed_from_preferred_composition_versions
fvar_f156830c9d9f,can_381970419d,宣痹湯加秦艽地龍絲瓜絡威靈仙,can_7ac926917c,宣痹湯,base_formula,base_formula,explicit_or_seed_relation,v121：完整加味方基礎為宣痹湯,,v146_graph,medium,0.7,H_master_v2_relation,秦艽地龍絲瓜絡威靈仙,,do_not_merge; preserve canonical nodes; use relation for family navigation,地龍、威靈仙、秦艽、絲瓜絡、秦艽地龍絲瓜絡威靈仙,,,加：地龍、威靈仙、秦艽、絲瓜絡、秦艽地龍絲瓜絡威靈仙,computed_from_preferred_composition_versions
fvar_ad527b024256,can_14b2be885f,保和丸,can_ff2d987c21,保和丸合神朮散,participates_in_combined_formula,related_variant_or_family,explicit_or_seed_relation,此方參與合方,,v146_graph,medium,0.7,H_master_v2_relation,,,do_not_merge; preserve canonical nodes; use relation for family navigation,,川芎、甘草、白芷、細辛、羌活、蒼朮、藁本,,去：川芎、甘草、白芷、細辛、羌活、蒼朮、藁本,computed_from_preferred_composition_versions
fvar_dc1d16253e8d,can_239d9dd90c,六味地黃丸,can_ddf23de8f1,六味地黃丸+黃連阿膠湯,participates_in_combined_formula,related_variant_or_family,explicit_or_seed_relation,此方參與合方,,v146_graph,medium,0.7,H_master_v2_relation,,,do_not_merge; preserve canonical nodes; use relation for family navigation,,芍藥、阿膠、雞子黃、黃芩、黃連,,去：芍藥、阿膠、雞子黃、黃芩、黃連,computed_from_preferred_composition_versions
fvar_95d26c7720d9,can_e8a9b7ca92,六君子湯,can_99f4cfe9b4,六君子湯合旋覆代赭湯,participates_in_combined_formula,related_variant_or_family,explicit_or_seed_relation,六君子湯 參與合方 六君子湯合旋覆代赭湯,,v146_graph,medium,0.7,H_master_v2_relation,,,do_not_merge; preserve canonical nodes; use relation for family navigation,,代赭石、大棗、旋覆花、生薑,,去：代赭石、大棗、旋覆花、生薑,computed_from_preferred_composition_versions
fvar_bfa1e0f56bb1,can_586d6e6ea7,加味桔梗湯,can_5bb3be4fd3,桔梗湯,formula_variant_of,variant_of,taxonomy_variant_alias,人工規則：常見加減方／加味方。,,v146_graph,medium,0.7,H_master_v2_relation,味桔梗,,do_not_merge; preserve canonical nodes; use relation for family navigation,味桔梗,桔梗、甘草,,加：味桔梗；去：桔梗、甘草；資料不足，採候選關係文字輔助顯示,relation_text_only_or_incomplete_composition
fvar_83544e3daad4,can_246db3e34b,加減瀉白散,can_9883cebd72,瀉白散,formula_variant_of,variant_of,taxonomy_variant_alias,人工規則：常見加減方／加味方。,,v146_graph,medium,0.7,H_master_v2_relation,減瀉白,,do_not_merge; preserve canonical nodes; use relation for family navigation,減瀉白,,,加：減瀉白；資料不足，採候選關係文字輔助顯示,variant_name_or_evidence_implies_base_formula_but_composition_incomplete
fvar_b0669ad9dd33,can_6c01965b86,加減葳蕤湯,can_4b277f3322,葳蕤湯,formula_variant_of,variant_of,taxonomy_variant_alias,方名以「加減」開頭，視為母方加減。,,v146_graph,medium,0.7,H_master_v2_relation,減葳蕤,,do_not_merge; preserve canonical nodes; use relation for family navigation,減葳蕤,,,加：減葳蕤；資料不足，採候選關係文字輔助顯示,relation_text_only_or_incomplete_composition
fvar_ae1ef694b063,can_40a317216a,加味四君子湯,can_4b61b5b9da,四君子湯,has_formula_variant,variant_of,taxonomy_variant_alias,人工規則：常見加減方／加味方。,,v146_graph,medium,0.7,H_master_v2_relation,味四君子,,do_not_merge; preserve canonical nodes; use relation for family navigation,扁豆、黃耆、味四君子,,,加：扁豆、黃耆、味四君子,computed_from_preferred_composition_versions
fvar_3e8023251ebf,can_f0b562eceb,增液湯,can_b07ccc05ec,增液湯合活血藥,participates_in_combined_formula,related_variant_or_family,explicit_or_seed_relation,此方參與合方,,v146_graph,medium,0.7,H_master_v2_relation,,,do_not_merge; preserve canonical nodes; use relation for family navigation,,活血藥類、玄參、生地黃、麥冬,,去：活血藥類、玄參、生地黃、麥冬；資料不足，採候選關係文字輔助顯示,relation_text_only_or_incomplete_composition
fvar_4d1675a5260a,can_381970419d,宣痹湯加秦艽地龍絲瓜絡威靈仙,can_7ac926917c,宣痹湯,has_formula_variant,variant_of,taxonomy_variant_alias,人工規則：常見加減方／加味方。,,v146_graph,medium,0.7,H_master_v2_relation,秦艽地龍絲瓜絡威靈仙,,do_not_merge; preserve canonical nodes; use relation for family navigation,地龍、威靈仙、秦艽、絲瓜絡、秦艽地龍絲瓜絡威靈仙,,,加：地龍、威靈仙、秦艽、絲瓜絡、秦艽地龍絲瓜絡威靈仙,computed_from_preferred_composition_versions
fvar_73d981761687,can_b7bc26913a,小半夏加茯苓湯,can_f51682eb9f,小半夏湯,formula_variant_of,variant_of,taxonomy_variant_alias,人工規則：常見加減方／加味方。,,v146_graph,medium,0.7,H_master_v2_relation,茯苓,,do_not_merge; preserve canonical nodes; use relation for family navigation,茯苓,,,加：茯苓,computed_from_preferred_composition_versions
fvar_ac14b5177963,can_f6f14b7644,桂枝加黃耆湯,can_2849adeebb,桂枝湯,has_formula_variant,variant_of,taxonomy_variant_alias,v083 formula relation: 桂枝湯 has named modified variant 桂枝加黃耆湯.,,v146_graph,medium,0.7,H_master_v2_relation,黃耆,,do_not_merge; preserve canonical nodes; use relation for family navigation,黃耆,,,加：黃耆,computed_from_preferred_composition_versions
fvar_856245e87c7f,can_738e7dea8a,小青龍加石膏湯,can_0a5b7e34af,小青龍湯,formula_variant_of,variant_of,taxonomy_variant_alias,人工規則：常見加減方／加味方。,,v146_graph,medium,0.7,H_master_v2_relation,石膏,,do_not_merge; preserve canonical nodes; use relation for family navigation,石膏,,,加：石膏,computed_from_preferred_composition_versions
fvar_c9b13e6b1f93,can_a6c1667847,旋覆代赭湯,can_878c153b29,理中丸合旋覆代赭湯,participates_in_combined_formula,related_variant_or_family,explicit_or_seed_relation,旋覆代赭湯 參與合方 理中丸合旋覆代赭湯,,v146_graph,medium,0.7,H_master_v2_relation,,,do_not_merge; preserve canonical nodes; use relation for family navigation,代赭,乾薑、代赭石、白朮,旋覆花:->三兩；人參:->二兩；生薑:->五兩；甘草:->三兩；半夏:->半升；大棗:->十二枚,加：代赭；去：乾薑、代赭石、白朮；劑量／炮製調整：旋覆花（原方→三兩）、人參（原方→二兩）、生薑（原方→五兩）、甘草（原方→三兩）、半夏（原方→半升）、大棗（原方→十二枚）,computed_from_preferred_composition_versions
fvar_b04d0871b0b5,can_a6c1667847,旋覆代赭湯,can_99f4cfe9b4,六君子湯合旋覆代赭湯,participates_in_combined_formula,related_variant_or_family,explicit_or_seed_relation,旋覆代赭湯 參與合方 六君子湯合旋覆代赭湯,,v146_graph,medium,0.7,H_master_v2_relation,,,do_not_merge; preserve canonical nodes; use relation for family navigation,代赭,代赭石、白朮、茯苓、陳皮,旋覆花:->三兩；人參:->二兩；生薑:->五兩；甘草:->三兩；半夏:->半升；大棗:->十二枚,加：代赭；去：代赭石、白朮、茯苓、陳皮；劑量／炮製調整：旋覆花（原方→三兩）、人參（原方→二兩）、生薑（原方→五兩）、甘草（原方→三兩）、半夏（原方→半升）、大棗（原方→十二枚）,computed_from_preferred_composition_versions
fvar_a3cd4288a388,can_f6f14b7644,桂枝加黃耆湯,can_2849adeebb,桂枝湯,formula_variant_of,variant_of,taxonomy_variant_alias,v083 formula relation: 桂枝加黃耆湯 treated as a named modified formula based on 桂枝湯.,,v146_graph,medium,0.7,H_master_v2_relation,黃耆,,do_not_merge; preserve canonical nodes; use relation for family navigation,黃耆,,,加：黃耆,computed_from_preferred_composition_versions
fvar_3a8327e08c7d,can_0a0f9fcbb2,桑菊飲加黃芩梔子,can_a9a31fe009,桑菊飲,has_formula_variant,variant_of,taxonomy_variant_alias,人工規則：常見加減方／加味方。,,v146_graph,medium,0.7,H_master_v2_relation,黃芩梔子,,do_not_merge; preserve canonical nodes; use relation for family navigation,梔子、黃芩、黃芩梔子,,,加：梔子、黃芩、黃芩梔子,computed_from_preferred_composition_versions
fvar_3ba9f00e8f7b,can_a61be5b856,理中丸,can_878c153b29,理中丸合旋覆代赭湯,participates_in_combined_formula,related_variant_or_family,explicit_or_seed_relation,理中丸 參與合方 理中丸合旋覆代赭湯,,v146_graph,medium,0.7,H_master_v2_relation,,,do_not_merge; preserve canonical nodes; use relation for family navigation,,,人參:->三兩；乾薑:->三兩；甘草:->三兩；白朮:->三兩,劑量／炮製調整：人參（原方→三兩）、乾薑（原方→三兩）、甘草（原方→三兩）、白朮（原方→三兩）；資料不足，採候選關係文字輔助顯示,variant_name_or_evidence_implies_base_formula_but_composition_incomplete
fvar_745b778b0842,can_29712407d7,白虎加人參湯,can_2ff0ddd4f5,白虎湯,formula_variant_of,variant_of,taxonomy_variant_alias,人工規則：常見加減方／加味方。,,v146_graph,medium,0.7,H_master_v2_relation,人參,,do_not_merge; preserve canonical nodes; use relation for family navigation,人參,,石膏:一斤->一斤,加：人參；劑量／炮製調整：石膏（一斤→一斤）,computed_from_preferred_composition_versions
fvar_448548d1a7f5,can_2a3a21c9f3,神朮散,can_ff2d987c21,保和丸合神朮散,participates_in_combined_formula,related_variant_or_family,explicit_or_seed_relation,此方參與合方,,v146_graph,medium,0.7,H_master_v2_relation,,,do_not_merge; preserve canonical nodes; use relation for family navigation,,半夏、山楂、川芎、甘草、白芷、神麴、細辛、羌活、茯苓、萊菔子、蒼朮、藁本、連翹、陳皮,,去：半夏、山楂、川芎、甘草、白芷、神麴、細辛、羌活、茯苓、萊菔子、蒼朮、藁本、連翹、陳皮；資料不足，採候選關係文字輔助顯示,relation_text_only_or_incomplete_composition
fvar_8e48be047445,can_4bc4dfa755,越婢加半夏湯,can_1456bfc3e0,越婢湯,formula_variant_of,variant_of,taxonomy_variant_alias,人工規則：常見加減方／加味方。,,v146_graph,medium,0.7,H_master_v2_relation,半夏,,do_not_merge; preserve canonical nodes; use relation for family navigation,半夏,,,加：半夏,computed_from_preferred_composition_versions
fvar_c8b84239a065,can_102d86842a,蔥白七味飲加減,can_1eb55ed9b4,蔥白七味飲,formula_variant_of,variant_of,taxonomy_variant_alias,人工規則：常見加減方／加味方。,,v146_graph,medium,0.7,H_master_v2_relation,減,,do_not_merge; preserve canonical nodes; use relation for family navigation,減,,,加：減；資料不足，採候選關係文字輔助顯示,relation_text_only_or_incomplete_composition
fvar_adff0ce7886c,can_2894f9f3f7,黃連阿膠湯,can_ddf23de8f1,六味地黃丸+黃連阿膠湯,participates_in_combined_formula,related_variant_or_family,explicit_or_seed_relation,此方參與合方,,v146_graph,medium,0.7,H_master_v2_relation,,,do_not_merge; preserve canonical nodes; use relation for family navigation,,山茱萸、山藥、澤瀉、熟地黃、牡丹皮、茯苓,黃連:->四兩；黃芩:->二兩；芍藥:->二兩；雞子黃:->二枚；阿膠:->三兩,去：山茱萸、山藥、澤瀉、熟地黃、牡丹皮、茯苓；劑量／炮製調整：黃連（原方→四兩）、黃芩（原方→二兩）、芍藥（原方→二兩）、雞子黃（原方→二枚）、阿膠（原方→三兩）,computed_from_preferred_composition_versions
fvar_135afead3f30,can_0a5b7e34af,小青龍湯,can_738e7dea8a,小青龍加石膏湯,modified_by,variant_of,explicit_or_seed_relation,小青龍加石膏湯不可直接併入小青龍湯。,,,variant_not_alias,0.7,H_master_v2_relation,,,do_not_merge; preserve canonical nodes; use relation for family navigation,,石膏,,去：石膏,computed_from_preferred_composition_versions
fvar_d6a5bb6e1ab6,can_2849adeebb,桂枝湯,can_5def52eacc,桂枝加葛根湯,modified_by,variant_of,explicit_or_seed_relation,加味方保留為變方關係。,,,variant_not_alias,0.7,H_master_v2_relation,,,do_not_merge; preserve canonical nodes; use relation for family navigation,,葛根,桂枝:二兩->三兩；芍藥:二兩->三兩,去：葛根；劑量／炮製調整：桂枝（二兩→三兩）、芍藥（二兩→三兩）,computed_from_preferred_composition_versions
fvar_1c9e573ce9b5,can_2849adeebb,桂枝湯,can_b89804367c,桂枝加厚朴杏子湯,modified_by,variant_of,explicit_or_seed_relation,加味方保留為變方關係。,,,variant_not_alias,0.7,H_master_v2_relation,,,do_not_merge; preserve canonical nodes; use relation for family navigation,,厚朴、杏仁,,去：厚朴、杏仁,computed_from_preferred_composition_versions
fvar_f46b063aba9a,can_2ff0ddd4f5,白虎湯,can_29712407d7,白虎加人參湯,modified_by,variant_of,explicit_or_seed_relation,加味方保留為變方關係。,,,variant_not_alias,0.7,H_master_v2_relation,,,do_not_merge; preserve canonical nodes; use relation for family navigation,,人參,石膏:一斤->一斤,去：人參；劑量／炮製調整：石膏（一斤→一斤）,computed_from_preferred_composition_versions
fvar_67ff3bb14b5a,can_239d9dd90c,六味地黃丸,can_49e2e4cbd9,知柏地黃丸,modified_by,variant_of,explicit_or_seed_relation,知柏地黃丸不與六味地黃丸合併。,,,variant_not_alias,0.7,H_master_v2_relation,,,do_not_merge; preserve canonical nodes; use relation for family navigation,,知母、黃柏,,去：知母、黃柏,computed_from_preferred_composition_versions
fvar_478488c12305,can_239d9dd90c,六味地黃丸,can_6accb76fb8,杞菊地黃丸,modified_by,variant_of,explicit_or_seed_relation,杞菊地黃丸不與六味地黃丸合併。,,,variant_not_alias,0.7,H_master_v2_relation,,,do_not_merge; preserve canonical nodes; use relation for family navigation,,枸杞子、菊花,,去：枸杞子、菊花,computed_from_preferred_composition_versions
fvar_8d8307674e11,can_1058a353ca,溫膽湯,can_bebc22dbfd,黃連溫膽湯,modified_by,variant_of,explicit_or_seed_relation,黃連溫膽湯為溫膽湯加減／變方，不作同義合併。,,,variant_not_alias,0.7,H_master_v2_relation,,,do_not_merge; preserve canonical nodes; use relation for family navigation,半夏、大棗、枳實、甘草、生薑、竹茹、茯苓、陳皮,,,加：半夏、大棗、枳實、甘草、生薑、竹茹、茯苓、陳皮；資料不足，採候選關係文字輔助顯示,relation_text_only_or_incomplete_composition
fvar_afce54d0a0bb,can_a8f729bca5,敗毒散,can_79538de35a,荊防敗毒散,variant_or_family_of,variant_of,taxonomy_variant_alias,敗毒散可能指方族或簡稱；不自動併入荊防敗毒散。,,,ambiguous_family_not_auto_merge,0.55,H_master_v2_relation,,,do_not_merge; preserve canonical nodes; use relation for family navigation,人參、前胡、川芎、枳殼、柴胡、桔梗、獨活、甘草、生薑、羌活、茯苓、薄荷,,,加：人參、前胡、川芎、枳殼、柴胡、桔梗、獨活、甘草、生薑、羌活、茯苓、薄荷；資料不足，採候選關係文字輔助顯示,relation_text_only_or_incomplete_composition
fvar_475cdfb6485d,can_a8f729bca5,敗毒散,can_26b2bdbc35,人參敗毒散,variant_or_family_of,variant_of,taxonomy_variant_alias,敗毒散可能指方族或簡稱；不自動併入人參敗毒散。,,,ambiguous_family_not_auto_merge,0.55,H_master_v2_relation,,,do_not_merge; preserve canonical nodes; use relation for family navigation,人參、前胡、川芎、枳殼、柴胡、桔梗、獨活、甘草、生薑、羌活、茯苓、薄荷,,,加：人參、前胡、川芎、枳殼、柴胡、桔梗、獨活、甘草、生薑、羌活、茯苓、薄荷；資料不足，採候選關係文字輔助顯示,relation_text_only_or_incomplete_composition
fvar_02b4972695cb,can_2849adeebb,桂枝湯,can_4d1113ca58,栝蔞桂枝湯,component_or_name_fragment_of,related_variant_or_family,explicit_or_seed_relation,v121：桂枝湯僅作栝蔞桂枝湯組成/名稱片段候選，不接柔痙主方,,v146_graph,low,0.4,H_master_v2_relation,,,do_not_merge; preserve canonical nodes; use relation for family navigation,,栝蔞根,,去：栝蔞根,computed_from_preferred_composition_versions
