formula_id,formula_name,version_count,distinct_herb_set_count,review_status,review_reasons,review_priority,unique_question_count,composition_version_ids,source_books,recommended_action
can_0042353966,百合雞子湯,2,1,WARN_dose_difference,dose_or_processing_difference_across_versions,high,13,fcver_804c3b7e6cb5|fcver_6a2202f839a1,mb_jingui|金匱要略,Keep all source-specific composition versions; choose display default only after PDF/source check for high-priority formulas.
can_00d802f1e5,苓桂朮甘湯,3,1,WARN_dose_difference,dose_or_processing_difference_across_versions,high,68,fcver_3fdc929f7899|fcver_bbe05e13eda5|fcver_79c85abaad0f,mb_jingui|v146_graph|金匱要略,Keep all source-specific composition versions; choose display default only after PDF/source check for high-priority formulas.
can_05140ae180,硝石礬石散,2,1,WARN_dose_difference,dose_or_processing_difference_across_versions,medium,2,fcver_16f643125df3|fcver_55a43f90a5b2,mb_jingui|金匱要略,Keep all source-specific composition versions; choose display default only after PDF/source check for high-priority formulas.
can_05e6418eee,半夏麻黃丸,2,1,WARN_dose_difference,dose_or_processing_difference_across_versions,medium,1,fcver_5f974fe70f99|fcver_64ada384b4f8,mb_jingui|金匱要略,Keep all source-specific composition versions; choose display default only after PDF/source check for high-priority formulas.
can_06f0b0db33,麻黃附子甘草湯,2,1,WARN_dose_difference,dose_or_processing_difference_across_versions,medium,2,fcver_ef56bc4d21ec|fcver_c1e57c8619ef,mb_shanghan|傷寒論,Keep all source-specific composition versions; choose display default only after PDF/source check for high-priority formulas.
can_072d834e75,桂枝去芍藥加麻黃細辛附子湯,2,1,WARN_dose_difference,dose_or_processing_difference_across_versions,medium,5,fcver_edaf31f5ac87|fcver_0dd64b6303f2,mb_jingui|金匱要略,Keep all source-specific composition versions; choose display default only after PDF/source check for high-priority formulas.
can_07468b2497,調胃承氣湯,3,1,WARN_dose_difference,dose_or_processing_difference_across_versions,high,87,fcver_8ae30e3b3b4a|fcver_28215bced867|fcver_aade66432914,mb_shanghan|v146_graph|傷寒論,Keep all source-specific composition versions; choose display default only after PDF/source check for high-priority formulas.
can_07f55734cb,葶藶大棗瀉肺湯,2,1,WARN_dose_difference,dose_or_processing_difference_across_versions,high,27,fcver_413f9365a377|fcver_ba7207061f9c,mb_jingui|金匱要略,Keep all source-specific composition versions; choose display default only after PDF/source check for high-priority formulas.
can_08915f49b2,甘草小麥大棗湯,2,1,WARN_dose_difference,dose_or_processing_difference_across_versions,medium,0,fcver_2defd00f9610|fcver_aab3bce26af6,mb_jingui|金匱要略,Keep all source-specific composition versions; choose display default only after PDF/source check for high-priority formulas.
can_08ea383c3e,竹皮大丸,2,1,WARN_dose_difference,dose_or_processing_difference_across_versions,medium,2,fcver_1b7a07bc9fa0|fcver_5e7e4081a7e4,mb_jingui|金匱要略,Keep all source-specific composition versions; choose display default only after PDF/source check for high-priority formulas.
can_0a5b7e34af,小青龍湯,5,2,WARN_herb_set_conflict_or_source_variant,2 distinct herb sets; dose_or_processing_difference_across_versions,high,95,fcver_2e0974c2ebdb|fcver_1bf391e7bf32|fcver_7729c67642b3|fcver_4c8ef8b675c6|fcver_25c8928d9ead,mb_jingui|mb_shanghan|v146_graph|傷寒論|金匱要略,Keep all source-specific composition versions; choose display default only after PDF/source check for high-priority formulas.
can_0bd96c7b66,牡礪澤瀉散,2,1,WARN_dose_difference,dose_or_processing_difference_across_versions,medium,1,fcver_f1663637281d|fcver_679ae62fc48b,mb_shanghan|傷寒論,Keep all source-specific composition versions; choose display default only after PDF/source check for high-priority formulas.
can_0cfa3abb8b,蜘蛛散,2,1,WARN_dose_difference,dose_or_processing_difference_across_versions,medium,3,fcver_697f6a4b5203|fcver_345dd5fbdb07,mb_jingui|金匱要略,Keep all source-specific composition versions; choose display default only after PDF/source check for high-priority formulas.
can_0dabdac775,百合地黃湯,2,1,WARN_dose_difference,dose_or_processing_difference_across_versions,medium,9,fcver_c46893a230f7|fcver_b05059b2d094,mb_jingui|金匱要略,Keep all source-specific composition versions; choose display default only after PDF/source check for high-priority formulas.
can_0e1aca45b9,白頭翁加甘草阿膠湯,2,1,WARN_dose_difference,dose_or_processing_difference_across_versions,medium,1,fcver_ade8d534dbc4|fcver_dd836e097405,mb_jingui|金匱要略,Keep all source-specific composition versions; choose display default only after PDF/source check for high-priority formulas.
can_11513e5db9,茵陳蒿湯,5,3,WARN_herb_set_conflict_or_source_variant,3 distinct herb sets; dose_or_processing_difference_across_versions,high,43,fcver_8a191f6b6699|fcver_5b33d1d5ef5c|fcver_16ae53cce9c6|fcver_caacb3842c5b|fcver_d5a190456af0,mb_jingui|mb_shanghan|v146_graph|傷寒論|金匱要略,Keep all source-specific composition versions; choose display default only after PDF/source check for high-priority formulas.
can_116bc8aefe,人參湯,2,1,WARN_dose_difference,dose_or_processing_difference_across_versions,high,15,fcver_7251497432db|fcver_acef940cb364,mb_jingui|金匱要略,Keep all source-specific composition versions; choose display default only after PDF/source check for high-priority formulas.
can_1456bfc3e0,越婢湯,3,1,WARN_dose_difference,dose_or_processing_difference_across_versions,high,26,fcver_38d8a747f972|fcver_8ddcdd281071|fcver_97531783f09a,mb_jingui|v146_graph|金匱要略,Keep all source-specific composition versions; choose display default only after PDF/source check for high-priority formulas.
can_15c1cd6128,厚朴大黃湯,2,1,WARN_dose_difference,dose_or_processing_difference_across_versions,medium,5,fcver_8f5abb8fa555|fcver_29c27cfc01c6,mb_jingui|金匱要略,Keep all source-specific composition versions; choose display default only after PDF/source check for high-priority formulas.
can_16678a6e1a,當歸四逆加吳茱萸生薑湯,2,1,WARN_dose_difference,dose_or_processing_difference_across_versions,medium,5,fcver_8be7aa60ee17|fcver_65cbb2d55011,mb_shanghan|傷寒論,Keep all source-specific composition versions; choose display default only after PDF/source check for high-priority formulas.
can_17af992be4,己椒藶黃丸,2,1,WARN_dose_difference,dose_or_processing_difference_across_versions,high,14,fcver_0a39aa99b91a|fcver_7a18833538b3,mb_jingui|金匱要略,Keep all source-specific composition versions; choose display default only after PDF/source check for high-priority formulas.
can_17b038dbde,小建中湯,5,3,WARN_herb_set_conflict_or_source_variant,3 distinct herb sets; dose_or_processing_difference_across_versions,high,56,fcver_6171ad5e283a|fcver_0208874184e3|fcver_8b35eb7cadf4|fcver_50565631a0b4|fcver_1f70a02b1489,mb_jingui|mb_shanghan|v146_graph|傷寒論|金匱要略,Keep all source-specific composition versions; choose display default only after PDF/source check for high-priority formulas.
can_17d6d4d2a6,白朮附子湯,2,1,WARN_dose_difference,dose_or_processing_difference_across_versions,medium,5,fcver_efaa91bdef8c|fcver_a1f2b6947272,mb_jingui|金匱要略,Keep all source-specific composition versions; choose display default only after PDF/source check for high-priority formulas.
can_184be8355f,甘遂半夏湯,3,1,WARN_dose_difference,dose_or_processing_difference_across_versions,high,20,fcver_988c1dc50e3a|fcver_4621b86f67fb|fcver_2852f88cdc96,mb_jingui|v146_graph|金匱要略,Keep all source-specific composition versions; choose display default only after PDF/source check for high-priority formulas.
can_19c0202378,大陷胸湯,2,1,WARN_dose_difference,dose_or_processing_difference_across_versions,high,12,fcver_55db185512fc|fcver_7dd520f8583b,mb_shanghan|傷寒論,Keep all source-specific composition versions; choose display default only after PDF/source check for high-priority formulas.
can_1a0df3ae93,小柴胡湯,5,2,WARN_herb_set_conflict_or_source_variant,2 distinct herb sets; dose_or_processing_difference_across_versions,high,118,fcver_d628867fdb5f|fcver_6d47870733aa|fcver_6bfc9364cbd6|fcver_03a0a81a857e|fcver_eb92e50bdea8,mb_jingui|mb_shanghan|v146_graph|傷寒論|金匱要略,Keep all source-specific composition versions; choose display default only after PDF/source check for high-priority formulas.
can_1a91e01bb6,瀉心湯,3,1,WARN_dose_difference,dose_or_processing_difference_across_versions,high,47,fcver_a57a6cf598a4|fcver_3624952d9e73|fcver_e1a7f974a0f3,mb_jingui|v146_graph|金匱要略,Keep all source-specific composition versions; choose display default only after PDF/source check for high-priority formulas.
can_1ac5dea113,茱萸湯,2,1,WARN_dose_difference,dose_or_processing_difference_across_versions,high,19,fcver_56dc8737b5ee|fcver_66f244e270e5,mb_jingui|金匱要略,Keep all source-specific composition versions; choose display default only after PDF/source check for high-priority formulas.
can_1eea215250,乾薑附子湯,2,1,WARN_dose_difference,dose_or_processing_difference_across_versions,high,15,fcver_3c9e3a79f71d|fcver_b6a7f547127e,mb_shanghan|傷寒論,Keep all source-specific composition versions; choose display default only after PDF/source check for high-priority formulas.
can_1f90735bbe,麻黃附子湯,2,1,WARN_dose_difference,dose_or_processing_difference_across_versions,high,11,fcver_c014262d1267|fcver_77ad71733e8d,mb_jingui|金匱要略,Keep all source-specific composition versions; choose display default only after PDF/source check for high-priority formulas.
can_21b8a435c7,半夏乾薑散,2,1,WARN_dose_difference,dose_or_processing_difference_across_versions,high,10,fcver_8f899d777a64|fcver_39a2001e3cb1,mb_jingui|金匱要略,Keep all source-specific composition versions; choose display default only after PDF/source check for high-priority formulas.
can_22850559b7,柏葉湯,2,1,WARN_dose_difference,dose_or_processing_difference_across_versions,medium,1,fcver_f9c1a2e94c9f|fcver_b41ccf897d53,mb_jingui|金匱要略,Keep all source-specific composition versions; choose display default only after PDF/source check for high-priority formulas.
can_247f1b5b99,白朮散,3,2,WARN_herb_set_conflict_or_source_variant,2 distinct herb sets; dose_or_processing_difference_across_versions,high,17,fcver_25366b017061|fcver_0a4d1f7bcfd9|fcver_ed9fdf3e68a2,mb_jingui|v146_graph|金匱要略,Keep all source-specific composition versions; choose display default only after PDF/source check for high-priority formulas.
can_2482e4b13d,梔子豉湯,4,2,WARN_herb_set_conflict_or_source_variant,2 distinct herb sets; dose_or_processing_difference_across_versions,high,76,fcver_9dda5f73bf70|fcver_eae79fc2dafb|fcver_2b1321876305|fcver_68e5cd9bb6f6,mb_jingui|mb_shanghan|傷寒論|金匱要略,Keep all source-specific composition versions; choose display default only after PDF/source check for high-priority formulas.
can_2523049667,大建中湯,2,1,WARN_dose_difference,dose_or_processing_difference_across_versions,high,13,fcver_286bb8900c09|fcver_2663e47fc651,mb_jingui|金匱要略,Keep all source-specific composition versions; choose display default only after PDF/source check for high-priority formulas.
can_25ddb73d49,甘草瀉心湯,4,3,WARN_herb_set_conflict_or_source_variant,3 distinct herb sets; dose_or_processing_difference_across_versions,high,20,fcver_f2bd33a3e082|fcver_8b14ee029b67|fcver_8f7410231a8d|fcver_d54797989ecd,mb_jingui|mb_shanghan|傷寒論|金匱要略,Keep all source-specific composition versions; choose display default only after PDF/source check for high-priority formulas.
can_27ce46d718,薏苡附子敗醬散,2,1,WARN_dose_difference,dose_or_processing_difference_across_versions,medium,2,fcver_c6d775f753d3|fcver_e592ae2a67ef,mb_jingui|金匱要略,Keep all source-specific composition versions; choose display default only after PDF/source check for high-priority formulas.
can_2849adeebb,桂枝湯,5,2,WARN_herb_set_conflict_or_source_variant,2 distinct herb sets; dose_or_processing_difference_across_versions,high,184,fcver_b7805170d414|fcver_848f1e73a151|fcver_7a9cd25ec702|fcver_577e56dcbf66|fcver_b5b97ffd6b81,mb_jingui|mb_shanghan|v146_graph|傷寒論|金匱要略,Keep all source-specific composition versions; choose display default only after PDF/source check for high-priority formulas.
can_2894f9f3f7,黃連阿膠湯,3,1,WARN_dose_difference,dose_or_processing_difference_across_versions,high,77,fcver_660bf6475bb0|fcver_f1eb03e42bdd|fcver_eba2c5c0e41c,mb_shanghan|v146_graph|傷寒論,Keep all source-specific composition versions; choose display default only after PDF/source check for high-priority formulas.
can_28bf586721,芎歸膠艾湯,2,1,WARN_dose_difference,dose_or_processing_difference_across_versions,medium,4,fcver_37301ec34699|fcver_b00fa0854ce9,mb_jingui|金匱要略,Keep all source-specific composition versions; choose display default only after PDF/source check for high-priority formulas.
can_29712407d7,白虎加人參湯,5,2,WARN_herb_set_conflict_or_source_variant,2 distinct herb sets; dose_or_processing_difference_across_versions,high,81,fcver_55b5889cb345|fcver_959ff866b065|fcver_ebe265b7b1f4|fcver_f0dd52873baf|fcver_c9ab105c3553,mb_jingui|mb_shanghan|v146_graph|傷寒論|金匱要略,Keep all source-specific composition versions; choose display default only after PDF/source check for high-priority formulas.
can_2a556c1122,柴胡桂枝乾薑湯,2,1,WARN_dose_difference,dose_or_processing_difference_across_versions,high,10,fcver_a1ffa5c4dbf8|fcver_ce606ec448e5,mb_shanghan|傷寒論,Keep all source-specific composition versions; choose display default only after PDF/source check for high-priority formulas.
can_2b5d00f7b0,大黃甘草湯,2,1,WARN_dose_difference,dose_or_processing_difference_across_versions,high,10,fcver_8d67ab7e25f2|fcver_0419a43f547b,mb_jingui|金匱要略,Keep all source-specific composition versions; choose display default only after PDF/source check for high-priority formulas.
can_2c03af79af,抵當丸,2,1,WARN_dose_difference,dose_or_processing_difference_across_versions,medium,7,fcver_1b688db93e74|fcver_575590fa017c,mb_shanghan|傷寒論,Keep all source-specific composition versions; choose display default only after PDF/source check for high-priority formulas.
can_2e669b4e32,土瓜根散,2,1,WARN_dose_difference,dose_or_processing_difference_across_versions,medium,1,fcver_226b281788b6|fcver_e539e2dee666,mb_jingui|金匱要略,Keep all source-specific composition versions; choose display default only after PDF/source check for high-priority formulas.
can_2f623de6a6,大黃甘遂湯,2,1,WARN_dose_difference,dose_or_processing_difference_across_versions,medium,1,fcver_e6e4246c34e4|fcver_171888b68f08,mb_jingui|金匱要略,Keep all source-specific composition versions; choose display default only after PDF/source check for high-priority formulas.
can_2ff0ddd4f5,白虎湯,3,1,WARN_dose_difference,dose_or_processing_difference_across_versions,high,140,fcver_c31e890a4064|fcver_1c01401b0945|fcver_9cfc92c86c9b,mb_shanghan|v146_graph|傷寒論,Keep all source-specific composition versions; choose display default only after PDF/source check for high-priority formulas.
can_30a0c009b1,麻黃加朮湯,2,1,WARN_dose_difference,dose_or_processing_difference_across_versions,medium,6,fcver_cafbab1706eb|fcver_9b7e8536726c,mb_jingui|金匱要略,Keep all source-specific composition versions; choose display default only after PDF/source check for high-priority formulas.
can_30cd7a1011,葛根黃芩黃連湯,2,1,WARN_dose_difference,dose_or_processing_difference_across_versions,high,26,fcver_ec8e7e71ab80|fcver_d1ef499876f4,mb_shanghan|傷寒論,Keep all source-specific composition versions; choose display default only after PDF/source check for high-priority formulas.
can_31ea8af2d7,桂枝加大黃湯,2,1,WARN_dose_difference,dose_or_processing_difference_across_versions,medium,5,fcver_a93b4f2e0370|fcver_42a892a9d790,mb_shanghan|傷寒論,Keep all source-specific composition versions; choose display default only after PDF/source check for high-priority formulas.
can_32a7831dff,桂枝救逆湯,2,1,WARN_dose_difference,dose_or_processing_difference_across_versions,medium,4,fcver_f6f6bdac5f09|fcver_732bd38a5ec9,mb_jingui|金匱要略,Keep all source-specific composition versions; choose display default only after PDF/source check for high-priority formulas.
can_32dda23af0,甘草乾姜茯苓白朮湯,2,1,WARN_dose_difference,dose_or_processing_difference_across_versions,medium,7,fcver_cc6d9ca82269|fcver_e1481839a191,mb_jingui|金匱要略,Keep all source-specific composition versions; choose display default only after PDF/source check for high-priority formulas.
can_3367e6562e,桂枝人參湯,2,1,WARN_dose_difference,dose_or_processing_difference_across_versions,high,11,fcver_7025470c0a53|fcver_531906a98d5f,mb_shanghan|傷寒論,Keep all source-specific composition versions; choose display default only after PDF/source check for high-priority formulas.
can_357e549ae3,桂枝茯苓丸,2,1,WARN_dose_difference,dose_or_processing_difference_across_versions,medium,5,fcver_ab59418ef3c7|fcver_465b811d6035,mb_jingui|金匱要略,Keep all source-specific composition versions; choose display default only after PDF/source check for high-priority formulas.
can_3600c93607,乾薑黃芩黃連人參湯,2,1,WARN_dose_difference,dose_or_processing_difference_across_versions,medium,1,fcver_4816770a202c|fcver_7a2b1afc7949,mb_shanghan|傷寒論,Keep all source-specific composition versions; choose display default only after PDF/source check for high-priority formulas.
can_38009f7c09,大黃牡丹湯,2,1,WARN_dose_difference,dose_or_processing_difference_across_versions,medium,1,fcver_fc4be82a18cc|fcver_77e981290d3a,mb_jingui|金匱要略,Keep all source-specific composition versions; choose display default only after PDF/source check for high-priority formulas.
can_3835d95ffd,芍藥甘草湯,2,1,WARN_dose_difference,dose_or_processing_difference_across_versions,medium,4,fcver_f46c37a1953d|fcver_910ab408e2c7,mb_shanghan|傷寒論,Keep all source-specific composition versions; choose display default only after PDF/source check for high-priority formulas.
can_3ae093ce8f,大陷胸丸,2,1,WARN_dose_difference,dose_or_processing_difference_across_versions,medium,4,fcver_8482cd9276b8|fcver_670153b1fe4b,mb_shanghan|傷寒論,Keep all source-specific composition versions; choose display default only after PDF/source check for high-priority formulas.
can_3d0d53539b,當歸貝母苦參丸,2,1,WARN_dose_difference,dose_or_processing_difference_across_versions,medium,4,fcver_56d51b9c0e6e|fcver_accd30e22958,mb_jingui|金匱要略,Keep all source-specific composition versions; choose display default only after PDF/source check for high-priority formulas.
can_3d655bf013,葛根湯,4,1,WARN_dose_difference,dose_or_processing_difference_across_versions,high,62,fcver_108d9553f612|fcver_501760e705a2|fcver_fdb977b800b9|fcver_3b77542fc567,mb_jingui|v146_graph|傷寒論|金匱要略,Keep all source-specific composition versions; choose display default only after PDF/source check for high-priority formulas.
can_3d9f86ea28,桃核承氣湯,2,1,WARN_dose_difference,dose_or_processing_difference_across_versions,high,27,fcver_104b0d7a861b|fcver_f78717763948,mb_shanghan|傷寒論,Keep all source-specific composition versions; choose display default only after PDF/source check for high-priority formulas.
can_3eb22fdca8,桂枝去芍藥加蜀漆牡蠣龍骨救逆湯,2,1,WARN_dose_difference,dose_or_processing_difference_across_versions,medium,2,fcver_fe66e1330cab|fcver_d0be6ad826af,mb_shanghan|傷寒論,Keep all source-specific composition versions; choose display default only after PDF/source check for high-priority formulas.
can_40fd943966,黃耆桂枝五物湯,2,1,WARN_dose_difference,dose_or_processing_difference_across_versions,medium,8,fcver_a704d97bf20b|fcver_ed3f1492abec,mb_jingui|金匱要略,Keep all source-specific composition versions; choose display default only after PDF/source check for high-priority formulas.
can_41457d0002,柴胡桂枝湯,2,2,WARN_herb_set_conflict_or_source_variant,2 distinct herb sets; dose_or_processing_difference_across_versions,high,14,fcver_af69f84a7b51|fcver_f8cccc53466c,mb_shanghan|傷寒論,Keep all source-specific composition versions; choose display default only after PDF/source check for high-priority formulas.
can_4354bca76a,栝蔞牡蠣散,2,1,WARN_dose_difference,dose_or_processing_difference_across_versions,medium,5,fcver_c243e05442ba|fcver_a4af99ec4cd0,mb_jingui|金匱要略,Keep all source-specific composition versions; choose display default only after PDF/source check for high-priority formulas.
can_444341c48f,木防己去石膏加茯苓芒硝湯,2,1,WARN_dose_difference,dose_or_processing_difference_across_versions,medium,2,fcver_ade2746295ed|fcver_e6a9b96303bc,mb_jingui|金匱要略,Keep all source-specific composition versions; choose display default only after PDF/source check for high-priority formulas.
can_466f3263b0,瓜蒂散,4,2,WARN_herb_set_conflict_or_source_variant,2 distinct herb sets; dose_or_processing_difference_across_versions,high,14,fcver_5198624fba30|fcver_cb7cbf8e7761|fcver_ef7d19c55cb3|fcver_b779a79e65b9,mb_jingui|mb_shanghan|傷寒論|金匱要略,Keep all source-specific composition versions; choose display default only after PDF/source check for high-priority formulas.
can_46990b3370,赤石脂禹餘糧湯,2,1,WARN_dose_difference,dose_or_processing_difference_across_versions,medium,1,fcver_c20d0e8dfaa0|fcver_b53fabdd2850,mb_shanghan|傷寒論,Keep all source-specific composition versions; choose display default only after PDF/source check for high-priority formulas.
can_478a8d49e4,文蛤湯,2,1,WARN_dose_difference,dose_or_processing_difference_across_versions,medium,3,fcver_b4a143b3cd50|fcver_fd311f6c861d,mb_jingui|金匱要略,Keep all source-specific composition versions; choose display default only after PDF/source check for high-priority formulas.
can_479e52b534,越婢加朮湯,2,1,WARN_dose_difference,dose_or_processing_difference_across_versions,high,29,fcver_0966d28ab9e0|fcver_75d2761f0770,mb_jingui|金匱要略,Keep all source-specific composition versions; choose display default only after PDF/source check for high-priority formulas.
can_47d7a863d3,葵子茯苓散,2,1,WARN_dose_difference,dose_or_processing_difference_across_versions,medium,5,fcver_c16eca8f21a9|fcver_aaa31e507461,mb_jingui|金匱要略,Keep all source-specific composition versions; choose display default only after PDF/source check for high-priority formulas.
can_48d4dcef47,芍藥甘草附子湯,2,1,WARN_dose_difference,dose_or_processing_difference_across_versions,medium,3,fcver_be19daaeed00|fcver_bb51656706c5,mb_shanghan|傷寒論,Keep all source-specific composition versions; choose display default only after PDF/source check for high-priority formulas.
can_48f5498107,附子瀉心湯,2,1,WARN_dose_difference,dose_or_processing_difference_across_versions,medium,7,fcver_f3ba8453e6d8|fcver_c4b885476570,mb_shanghan|傷寒論,Keep all source-specific composition versions; choose display default only after PDF/source check for high-priority formulas.
can_49982b9a8b,豬苓散,2,1,WARN_dose_difference,dose_or_processing_difference_across_versions,medium,5,fcver_944bcc211400|fcver_0a9510fd2655,mb_jingui|金匱要略,Keep all source-specific composition versions; choose display default only after PDF/source check for high-priority formulas.
can_49c5f6687a,滑石代赭湯,2,1,WARN_dose_difference,dose_or_processing_difference_across_versions,medium,7,fcver_846fd88ca77e|fcver_23f6f9d11534,mb_jingui|金匱要略,Keep all source-specific composition versions; choose display default only after PDF/source check for high-priority formulas.
can_4bc4dfa755,越婢加半夏湯,2,1,WARN_dose_difference,dose_or_processing_difference_across_versions,high,16,fcver_0f699ba50218|fcver_b08c55f08fd5,mb_jingui|金匱要略,Keep all source-specific composition versions; choose display default only after PDF/source check for high-priority formulas.
can_4bd7a9684a,四逆湯,5,2,WARN_herb_set_conflict_or_source_variant,2 distinct herb sets; dose_or_processing_difference_across_versions,high,128,fcver_d6f6ba55ec62|fcver_97a732414908|fcver_c9dd24a76643|fcver_b0ac91bbdebc|fcver_3ac0bbc1ba51,mb_jingui|mb_shanghan|v146_graph|傷寒論|金匱要略,Keep all source-specific composition versions; choose display default only after PDF/source check for high-priority formulas.
can_4d1113ca58,栝蔞桂枝湯,3,1,WARN_dose_difference,dose_or_processing_difference_across_versions,high,20,fcver_444a8eed9058|fcver_fcb7d14edbf6|fcver_fb135b316676,mb_jingui|v146_graph|金匱要略,Keep all source-specific composition versions; choose display default only after PDF/source check for high-priority formulas.
can_4da66939b9,橘皮竹茹湯,2,1,WARN_dose_difference,dose_or_processing_difference_across_versions,high,24,fcver_97f912be4846|fcver_5b915366c502,mb_jingui|金匱要略,Keep all source-specific composition versions; choose display default only after PDF/source check for high-priority formulas.
can_4da6dea6c5,附子湯,2,1,WARN_dose_difference,dose_or_processing_difference_across_versions,high,23,fcver_85cdd07de3ac|fcver_b635b146667f,mb_shanghan|傷寒論,Keep all source-specific composition versions; choose display default only after PDF/source check for high-priority formulas.
can_4dceaae8e4,竹葉湯,2,1,WARN_dose_difference,dose_or_processing_difference_across_versions,medium,5,fcver_6434c9c56cb2|fcver_f864e3cf2dc9,mb_jingui|金匱要略,Keep all source-specific composition versions; choose display default only after PDF/source check for high-priority formulas.
can_4e401dc622,栝蔞瞿麥丸,2,1,WARN_dose_difference,dose_or_processing_difference_across_versions,medium,4,fcver_3af47b6bdd64|fcver_40a4ee7b4fd1,mb_jingui|金匱要略,Keep all source-specific composition versions; choose display default only after PDF/source check for high-priority formulas.
can_4ec3299305,五苓散,5,2,WARN_herb_set_conflict_or_source_variant,2 distinct herb sets; dose_or_processing_difference_across_versions,high,153,fcver_7a80d02c0cc5|fcver_0cc539003dca|fcver_2f93b84302c6|fcver_d108a92e2eee|fcver_8098b458ff75,mb_jingui|mb_shanghan|v146_graph|傷寒論|金匱要略,Keep all source-specific composition versions; choose display default only after PDF/source check for high-priority formulas.
can_4f746eced5,桃花湯,5,2,WARN_herb_set_conflict_or_source_variant,2 distinct herb sets; dose_or_processing_difference_across_versions,high,21,fcver_4014d9addd4d|fcver_aa47d4c31f1a|fcver_f8db0bb167e2|fcver_e34e7dad5615|fcver_c0d0d758d1aa,mb_jingui|mb_shanghan|v146_graph|傷寒論|金匱要略,Keep all source-specific composition versions; choose display default only after PDF/source check for high-priority formulas.
can_50eca2140f,皂莢丸,2,1,WARN_dose_difference,dose_or_processing_difference_across_versions,medium,7,fcver_c826cd629191|fcver_b8607a4e91ce,mb_jingui|金匱要略,Keep all source-specific composition versions; choose display default only after PDF/source check for high-priority formulas.
can_52daa23e13,桂枝二越婢一湯,2,1,WARN_dose_difference,dose_or_processing_difference_across_versions,medium,7,fcver_5af2625ab710|fcver_690dc57ddf2b,mb_shanghan|傷寒論,Keep all source-specific composition versions; choose display default only after PDF/source check for high-priority formulas.
can_53b7f575c7,白通湯,2,1,WARN_dose_difference,dose_or_processing_difference_across_versions,high,10,fcver_75cc47c2f2c5|fcver_4f1acecfc903,mb_shanghan|傷寒論,Keep all source-specific composition versions; choose display default only after PDF/source check for high-priority formulas.
can_545af3d074,文蛤散,2,1,WARN_dose_difference,dose_or_processing_difference_across_versions,medium,4,fcver_b49e0cedb9e3|fcver_df7197affbc9,mb_jingui|金匱要略,Keep all source-specific composition versions; choose display default only after PDF/source check for high-priority formulas.
can_5511e42f2b,橘枳薑湯,2,1,WARN_dose_difference,dose_or_processing_difference_across_versions,medium,7,fcver_3fa294c52b67|fcver_18d55826a0a6,mb_jingui|金匱要略,Keep all source-specific composition versions; choose display default only after PDF/source check for high-priority formulas.
can_559952c25a,桂枝芍藥知母湯,3,1,WARN_dose_difference,dose_or_processing_difference_across_versions,high,28,fcver_1833e01a1a64|fcver_98be090ecc3d|fcver_f3ea846f55c0,mb_jingui|v146_graph|金匱要略,Keep all source-specific composition versions; choose display default only after PDF/source check for high-priority formulas.
can_57fa2fb829,小陷胸湯,2,1,WARN_dose_difference,dose_or_processing_difference_across_versions,high,17,fcver_a011ca864909|fcver_1c470f1159ea,mb_shanghan|傷寒論,Keep all source-specific composition versions; choose display default only after PDF/source check for high-priority formulas.
can_5824cc8cfa,茯苓澤瀉湯,2,1,WARN_dose_difference,dose_or_processing_difference_across_versions,medium,9,fcver_4a5e08c2d73f|fcver_4602e547ea31,mb_jingui|金匱要略,Keep all source-specific composition versions; choose display default only after PDF/source check for high-priority formulas.
can_5a2b52f66f,枳實薤白桂枝湯,2,1,WARN_dose_difference,dose_or_processing_difference_across_versions,high,10,fcver_8757add62990|fcver_9f1f646da4eb,mb_jingui|金匱要略,Keep all source-specific composition versions; choose display default only after PDF/source check for high-priority formulas.
can_5a61ca3088,橘皮湯,2,1,WARN_dose_difference,dose_or_processing_difference_across_versions,medium,7,fcver_402b4909dcfa|fcver_6b662792b2bd,mb_jingui|金匱要略,Keep all source-specific composition versions; choose display default only after PDF/source check for high-priority formulas.
can_5bb3be4fd3,桔梗湯,2,1,WARN_dose_difference,dose_or_processing_difference_across_versions,high,32,fcver_31ec40e2f8cc|fcver_018180d14c51,mb_shanghan|傷寒論,Keep all source-specific composition versions; choose display default only after PDF/source check for high-priority formulas.
can_5becc09d33,麥門冬湯,3,1,WARN_dose_difference,dose_or_processing_difference_across_versions,high,38,fcver_7acd4ece0c0d|fcver_ef13e433bda4|fcver_d10f64fd7c76,mb_jingui|v146_graph|金匱要略,Keep all source-specific composition versions; choose display default only after PDF/source check for high-priority formulas.
can_5c864669bd,吳茱萸湯,2,1,WARN_dose_difference,dose_or_processing_difference_across_versions,high,48,fcver_bf9720496c25|fcver_ffc7d55be929,mb_shanghan|傷寒論,Keep all source-specific composition versions; choose display default only after PDF/source check for high-priority formulas.
can_5cbce770ff,半夏厚朴湯,3,2,WARN_herb_set_conflict_or_source_variant,2 distinct herb sets; dose_or_processing_difference_across_versions,high,12,fcver_208b0845a191|fcver_441b8ac96d62|fcver_12f6aaa847dc,mb_jingui|v146_graph|金匱要略,Keep all source-specific composition versions; choose display default only after PDF/source check for high-priority formulas.
can_5d30838b26,鱉甲煎丸,3,2,WARN_herb_set_conflict_or_source_variant,2 distinct herb sets; dose_or_processing_difference_across_versions,medium,9,fcver_467c10e16adf|fcver_5f21a9a51125|fcver_e3a96f8f47c8,mb_jingui|v146_graph|金匱要略,Keep all source-specific composition versions; choose display default only after PDF/source check for high-priority formulas.
can_5d8516f981,一物瓜蒂湯,2,1,WARN_dose_difference,dose_or_processing_difference_across_versions,medium,2,fcver_6846656bd05e|fcver_69e3d48ecb91,mb_jingui|金匱要略,Keep all source-specific composition versions; choose display default only after PDF/source check for high-priority formulas.
can_5def52eacc,桂枝加葛根湯,2,1,WARN_dose_difference,dose_or_processing_difference_across_versions,medium,6,fcver_a782942ebef8|fcver_3496cc1f4953,mb_shanghan|傷寒論,Keep all source-specific composition versions; choose display default only after PDF/source check for high-priority formulas.
can_6006a2e5b2,生薑半夏湯,2,1,WARN_dose_difference,dose_or_processing_difference_across_versions,medium,4,fcver_3085303eeb52|fcver_96eadca207f2,mb_jingui|金匱要略,Keep all source-specific composition versions; choose display default only after PDF/source check for high-priority formulas.
can_610f6cd484,茯苓甘草湯,2,1,WARN_dose_difference,dose_or_processing_difference_across_versions,high,12,fcver_488878400510|fcver_6e8cab9a6267,mb_shanghan|傷寒論,Keep all source-specific composition versions; choose display default only after PDF/source check for high-priority formulas.
can_615ab27c27,豬苓湯,4,2,WARN_herb_set_conflict_or_source_variant,2 distinct herb sets; dose_or_processing_difference_across_versions,high,63,fcver_d61f0c15fed4|fcver_3367244bbe6b|fcver_9b6a02c85614|fcver_d918949ab43a,mb_jingui|mb_shanghan|傷寒論|金匱要略,Keep all source-specific composition versions; choose display default only after PDF/source check for high-priority formulas.
can_63405b0430,排膿散,2,1,WARN_dose_difference,dose_or_processing_difference_across_versions,medium,2,fcver_da6b7eb25d76|fcver_b0d2de2d1649,mb_jingui|金匱要略,Keep all source-specific composition versions; choose display default only after PDF/source check for high-priority formulas.
can_65e2755719,抵當湯,4,3,WARN_herb_set_conflict_or_source_variant,3 distinct herb sets; dose_or_processing_difference_across_versions,high,33,fcver_33b86eba8467|fcver_9ef2db8c5ee0|fcver_5bfe0f297d98|fcver_46c845d57e64,mb_jingui|mb_shanghan|傷寒論|金匱要略,Keep all source-specific composition versions; choose display default only after PDF/source check for high-priority formulas.
can_69f65eeb62,大黃硝石湯,2,1,WARN_dose_difference,dose_or_processing_difference_across_versions,high,16,fcver_5611261f982d|fcver_b4e00c248fd0,mb_jingui|金匱要略,Keep all source-specific composition versions; choose display default only after PDF/source check for high-priority formulas.
can_6a20369ddb,旋覆花湯,3,2,WARN_herb_set_conflict_or_source_variant,2 distinct herb sets; dose_or_processing_difference_across_versions,high,13,fcver_57d88efc0529|fcver_8519de77e308|fcver_c28ddced9874,mb_jingui|v146_graph|金匱要略,Keep all source-specific composition versions; choose display default only after PDF/source check for high-priority formulas.
can_6a81c427d1,升麻鱉甲湯,2,1,WARN_dose_difference,dose_or_processing_difference_across_versions,medium,3,fcver_8dc2c7dffe5c|fcver_7eaf3ffef835,mb_jingui|金匱要略,Keep all source-specific composition versions; choose display default only after PDF/source check for high-priority formulas.
can_6ac7540c94,甘草粉蜜湯,2,1,WARN_dose_difference,dose_or_processing_difference_across_versions,medium,3,fcver_e33f3fe47bdd|fcver_957d62fbbc6c,mb_jingui|金匱要略,Keep all source-specific composition versions; choose display default only after PDF/source check for high-priority formulas.
can_6b3be11e50,梔子厚朴湯,2,1,WARN_dose_difference,dose_or_processing_difference_across_versions,medium,5,fcver_8d97f0234be6|fcver_77a1da137928,mb_shanghan|傷寒論,Keep all source-specific composition versions; choose display default only after PDF/source check for high-priority formulas.
can_6b72053b46,赤石脂丸,2,1,WARN_dose_difference,dose_or_processing_difference_across_versions,high,10,fcver_2d32f1ade2be|fcver_86b4a8317348,mb_jingui|金匱要略,Keep all source-specific composition versions; choose display default only after PDF/source check for high-priority formulas.
can_6c4d5a6d65,梔子甘草豉湯,2,1,WARN_dose_difference,dose_or_processing_difference_across_versions,medium,3,fcver_8485ac30dc4e|fcver_ab64cb683368,mb_shanghan|傷寒論,Keep all source-specific composition versions; choose display default only after PDF/source check for high-priority formulas.
can_6dec689ab1,白虎加桂枝湯,2,1,WARN_dose_difference,dose_or_processing_difference_across_versions,medium,6,fcver_4a354476b3c1|fcver_7b1dd1428d82,mb_jingui|金匱要略,Keep all source-specific composition versions; choose display default only after PDF/source check for high-priority formulas.
can_6e13529ee9,茯苓四逆湯,2,1,WARN_dose_difference,dose_or_processing_difference_across_versions,medium,9,fcver_24f52946b966|fcver_17d7ebf31b1d,mb_shanghan|傷寒論,Keep all source-specific composition versions; choose display default only after PDF/source check for high-priority formulas.
can_6eefdf51c6,豬膏髮煎,2,1,WARN_dose_difference,dose_or_processing_difference_across_versions,medium,2,fcver_70cf431cd93b|fcver_ff659378d9f1,mb_jingui|金匱要略,Keep all source-specific composition versions; choose display default only after PDF/source check for high-priority formulas.
can_6fc2209755,澤瀉湯,2,1,WARN_dose_difference,dose_or_processing_difference_across_versions,high,21,fcver_e2e98759473e|fcver_19d8b9db93f9,mb_jingui|金匱要略,Keep all source-specific composition versions; choose display default only after PDF/source check for high-priority formulas.
can_702fb263f3,陽旦湯,2,1,WARN_dose_difference,dose_or_processing_difference_across_versions,medium,1,fcver_37806d128e2a|fcver_39275dd7f33c,mb_jingui|金匱要略,Keep all source-specific composition versions; choose display default only after PDF/source check for high-priority formulas.
can_70d8a89772,桂枝附子湯,2,1,WARN_dose_difference,dose_or_processing_difference_across_versions,high,13,fcver_5bb46f858f7e|fcver_035a01e16496,mb_jingui|金匱要略,Keep all source-specific composition versions; choose display default only after PDF/source check for high-priority formulas.
can_7161b48257,梔子大黃湯,2,1,WARN_dose_difference,dose_or_processing_difference_across_versions,high,14,fcver_f2cf96fbb603|fcver_e447200254b5,mb_jingui|金匱要略,Keep all source-specific composition versions; choose display default only after PDF/source check for high-priority formulas.
can_71c0518c06,桂枝麻黃各半湯,2,1,WARN_dose_difference,dose_or_processing_difference_across_versions,high,13,fcver_32f777b15100|fcver_8feab7716188,mb_shanghan|傷寒論,Keep all source-specific composition versions; choose display default only after PDF/source check for high-priority formulas.
can_738e7dea8a,小青龍加石膏湯,3,1,WARN_dose_difference,dose_or_processing_difference_across_versions,medium,9,fcver_4d80f7d2a32c|fcver_4c3f788a187a|fcver_cde86e4cca28,mb_jingui|v146_graph|金匱要略,Keep all source-specific composition versions; choose display default only after PDF/source check for high-priority formulas.
can_74372b1dfb,生薑瀉心湯,2,1,WARN_dose_difference,dose_or_processing_difference_across_versions,high,18,fcver_2affca9e2c9d|fcver_a4077989535c,mb_shanghan|傷寒論,Keep all source-specific composition versions; choose display default only after PDF/source check for high-priority formulas.
can_745cdb8317,甘草湯,2,1,WARN_dose_difference,dose_or_processing_difference_across_versions,medium,5,fcver_86e2232c03b0|fcver_eb39a31359d0,mb_shanghan|傷寒論,Keep all source-specific composition versions; choose display default only after PDF/source check for high-priority formulas.
can_749be479d4,栝蔞薤白半夏湯,3,1,WARN_dose_difference,dose_or_processing_difference_across_versions,high,40,fcver_efa9ad2f9561|fcver_1697775e1d5f|fcver_02ac94d77b35,mb_jingui|v146_graph|金匱要略,Keep all source-specific composition versions; choose display default only after PDF/source check for high-priority formulas.
can_74f9809d8c,防己茯苓湯,2,1,WARN_dose_difference,dose_or_processing_difference_across_versions,high,19,fcver_f1d85a2870cd|fcver_fc1c769671af,mb_jingui|金匱要略,Keep all source-specific composition versions; choose display default only after PDF/source check for high-priority formulas.
can_78057b3b1b,通脈四逆加豬膽汁湯,2,1,WARN_dose_difference,dose_or_processing_difference_across_versions,high,13,fcver_f21d1d9b0482|fcver_8191d35a6c50,mb_shanghan|傷寒論,Keep all source-specific composition versions; choose display default only after PDF/source check for high-priority formulas.
can_79dad92102,溫經湯,2,1,WARN_dose_difference,dose_or_processing_difference_across_versions,medium,9,fcver_1ae1c6438af4|fcver_70775cfbff61,mb_jingui|金匱要略,Keep all source-specific composition versions; choose display default only after PDF/source check for high-priority formulas.
can_7a6d12bade,葛根湯加半夏湯,2,1,WARN_dose_difference,dose_or_processing_difference_across_versions,medium,1,fcver_2b5c4e510989|fcver_a306dd0bcc6d,mb_shanghan|傷寒論,Keep all source-specific composition versions; choose display default only after PDF/source check for high-priority formulas.
can_7d2366857f,梔子乾薑湯,2,1,WARN_dose_difference,dose_or_processing_difference_across_versions,medium,3,fcver_9fc1bf2e753e|fcver_4663a58741be,mb_shanghan|傷寒論,Keep all source-specific composition versions; choose display default only after PDF/source check for high-priority formulas.
can_82b845942f,厚朴生薑半夏甘草人參湯,2,1,WARN_dose_difference,dose_or_processing_difference_across_versions,medium,8,fcver_f84b1c55c62b|fcver_47339e43ba72,mb_shanghan|傷寒論,Keep all source-specific composition versions; choose display default only after PDF/source check for high-priority formulas.
can_8385e54d5e,苓甘五味薑辛湯,2,1,WARN_dose_difference,dose_or_processing_difference_across_versions,medium,0,fcver_a2660ac2dd66|fcver_6458c4ab17dc,mb_jingui|金匱要略,Keep all source-specific composition versions; choose display default only after PDF/source check for high-priority formulas.
can_86b453bfa7,大黃黃連瀉心湯,2,1,WARN_dose_difference,dose_or_processing_difference_across_versions,high,14,fcver_44d30e6a7e3c|fcver_d701701641ee,mb_shanghan|傷寒論,Keep all source-specific composition versions; choose display default only after PDF/source check for high-priority formulas.
can_87c8ab9e40,白通加豬膽汁湯,2,1,WARN_dose_difference,dose_or_processing_difference_across_versions,medium,4,fcver_3a8592acdea3|fcver_fdd76871a316,mb_shanghan|傷寒論,Keep all source-specific composition versions; choose display default only after PDF/source check for high-priority formulas.
can_87e68da265,排膿湯,2,1,WARN_dose_difference,dose_or_processing_difference_across_versions,medium,2,fcver_03c5baa4b02f|fcver_6d5db53d979b,mb_jingui|金匱要略,Keep all source-specific composition versions; choose display default only after PDF/source check for high-priority formulas.
can_8a501b666d,蒲灰散,2,1,WARN_dose_difference,dose_or_processing_difference_across_versions,medium,4,fcver_6ca9d5579d93|fcver_515b994402dc,mb_jingui|金匱要略,Keep all source-specific composition versions; choose display default only after PDF/source check for high-priority formulas.
can_8b6fee9cf6,鳥梅丸,2,1,WARN_dose_difference,dose_or_processing_difference_across_versions,medium,0,fcver_4fbbf1d5c037|fcver_e8e974142d92,mb_jingui|金匱要略,Keep all source-specific composition versions; choose display default only after PDF/source check for high-priority formulas.
can_8da1754712,茯苓杏仁甘草湯,2,1,WARN_dose_difference,dose_or_processing_difference_across_versions,medium,9,fcver_494031dd57dd|fcver_ca7450b9b2a3,mb_jingui|金匱要略,Keep all source-specific composition versions; choose display default only after PDF/source check for high-priority formulas.
can_8e09801183,酸棗仁湯,3,1,WARN_dose_difference,dose_or_processing_difference_across_versions,high,34,fcver_5b06dbaa456c|fcver_c2869678a9e5|fcver_4d1ab77c7376,mb_jingui|v146_graph|金匱要略,Keep all source-specific composition versions; choose display default only after PDF/source check for high-priority formulas.
can_8f6838f146,桂枝去芍藥湯,3,1,WARN_dose_difference,dose_or_processing_difference_across_versions,high,10,fcver_19c461c00a86|fcver_539fb7d01f56|fcver_498962795cf6,mb_shanghan|v146_graph|傷寒論,Keep all source-specific composition versions; choose display default only after PDF/source check for high-priority formulas.
can_902fc361ec,訶梨勒散,2,1,WARN_dose_difference,dose_or_processing_difference_across_versions,medium,1,fcver_baabdae1e489|fcver_6a424f2f6330,mb_jingui|金匱要略,Keep all source-specific composition versions; choose display default only after PDF/source check for high-priority formulas.
can_9108e059f2,黃芩加半夏生薑湯,4,2,WARN_herb_set_conflict_or_source_variant,2 distinct herb sets; dose_or_processing_difference_across_versions,medium,6,fcver_e6bbca651fdb|fcver_bade533cdaec|fcver_491ebc2fe6c1|fcver_e9b83fc3f80f,mb_jingui|mb_shanghan|傷寒論|金匱要略,Keep all source-specific composition versions; choose display default only after PDF/source check for high-priority formulas.
can_9225c672aa,茵陳五苓散,3,2,WARN_herb_set_conflict_or_source_variant,2 distinct herb sets; dose_or_processing_difference_across_versions,high,24,fcver_6e08c508022b|fcver_4316ad907ae2|fcver_a1ddaec04097,mb_jingui|v146_graph|金匱要略,Keep all source-specific composition versions; choose display default only after PDF/source check for high-priority formulas.
can_922833cbb5,白頭翁湯,5,3,WARN_herb_set_conflict_or_source_variant,3 distinct herb sets; dose_or_processing_difference_across_versions,high,27,fcver_9eb1710e3ba6|fcver_b3a03000dc10|fcver_9ac00166c757|fcver_33ed863cee1d|fcver_a73b4a7bc529,mb_jingui|mb_shanghan|v146_graph|傷寒論|金匱要略,Keep all source-specific composition versions; choose display default only after PDF/source check for high-priority formulas.
can_92d4740e5c,桂枝去芍藥加附子湯,2,1,WARN_dose_difference,dose_or_processing_difference_across_versions,medium,5,fcver_fc4b843e1ace|fcver_6da9b6b91618,mb_shanghan|傷寒論,Keep all source-specific composition versions; choose display default only after PDF/source check for high-priority formulas.
can_94491b059f,桂枝甘草湯,2,1,WARN_dose_difference,dose_or_processing_difference_across_versions,medium,3,fcver_dd182e6dd204|fcver_5556401aa4c2,mb_shanghan|傷寒論,Keep all source-specific composition versions; choose display default only after PDF/source check for high-priority formulas.
can_95539b984d,茯苓桂枝白朮甘草湯,2,1,WARN_dose_difference,dose_or_processing_difference_across_versions,medium,7,fcver_73ed5aa4f336|fcver_fc33e210216b,mb_shanghan|傷寒論,Keep all source-specific composition versions; choose display default only after PDF/source check for high-priority formulas.
can_971d8bb5f6,大黃附子湯,3,1,WARN_dose_difference,dose_or_processing_difference_across_versions,high,12,fcver_7a776b5ea977|fcver_f1a2ec5e8c8b|fcver_74aa824c010f,mb_jingui|v146_graph|金匱要略,Keep all source-specific composition versions; choose display default only after PDF/source check for high-priority formulas.
can_971dcfe582,枳實芍藥散,2,1,WARN_dose_difference,dose_or_processing_difference_across_versions,high,10,fcver_b390d17fb728|fcver_842fc0e16258,mb_jingui|金匱要略,Keep all source-specific composition versions; choose display default only after PDF/source check for high-priority formulas.
can_975ed4b01d,奔豚湯,2,1,WARN_dose_difference,dose_or_processing_difference_across_versions,medium,8,fcver_3c88fc606c92|fcver_b1313a6e683f,mb_jingui|金匱要略,Keep all source-specific composition versions; choose display default only after PDF/source check for high-priority formulas.
can_98480251f0,四逆加人參湯,2,1,WARN_dose_difference,dose_or_processing_difference_across_versions,high,10,fcver_7c950ff5a8d5|fcver_9ebf4644cd99,mb_shanghan|傷寒論,Keep all source-specific composition versions; choose display default only after PDF/source check for high-priority formulas.
can_987fd2d512,厚朴麻黃湯,2,1,WARN_dose_difference,dose_or_processing_difference_across_versions,medium,8,fcver_a8ab786f9f4c|fcver_ea986b0bf81a,mb_jingui|金匱要略,Keep all source-specific composition versions; choose display default only after PDF/source check for high-priority formulas.
can_9b1ed4476b,下瘀血湯,2,1,WARN_dose_difference,dose_or_processing_difference_across_versions,high,12,fcver_7c4ca55b44bb|fcver_adb3525eb0d7,mb_jingui|金匱要略,Keep all source-specific composition versions; choose display default only after PDF/source check for high-priority formulas.
can_9d6d527d5a,枳朮湯,2,1,WARN_dose_difference,dose_or_processing_difference_across_versions,medium,2,fcver_a613d961a848|fcver_aed17d9938d6,mb_jingui|金匱要略,Keep all source-specific composition versions; choose display default only after PDF/source check for high-priority formulas.
can_9ffeb594dc,豬膚湯,2,1,WARN_dose_difference,dose_or_processing_difference_across_versions,medium,5,fcver_f5e9c23da976|fcver_c170fb0b2a9d,mb_shanghan|傷寒論,Keep all source-specific composition versions; choose display default only after PDF/source check for high-priority formulas.
can_a0ae55f4fa,炙甘草湯,3,1,WARN_dose_difference,dose_or_processing_difference_across_versions,high,47,fcver_26ae3429920c|fcver_bf8bf2def858|fcver_950890f140cc,mb_shanghan|v146_graph|傷寒論,Keep all source-specific composition versions; choose display default only after PDF/source check for high-priority formulas.
can_a1400e6cd2,大青龍湯,5,2,WARN_herb_set_conflict_or_source_variant,2 distinct herb sets; dose_or_processing_difference_across_versions,high,62,fcver_1439205a940c|fcver_947f92c8ffb2|fcver_4bf5cb2bf303|fcver_c416d997c143|fcver_9a755ad5c0ff,mb_jingui|mb_shanghan|v146_graph|傷寒論|金匱要略,Keep all source-specific composition versions; choose display default only after PDF/source check for high-priority formulas.
can_a1985a28fe,大柴胡湯,4,3,WARN_herb_set_conflict_or_source_variant,3 distinct herb sets; dose_or_processing_difference_across_versions,high,51,fcver_255c32027854|fcver_e111e2c3d617|fcver_284580242596|fcver_820030410ff3,mb_jingui|mb_shanghan|傷寒論|金匱要略,Keep all source-specific composition versions; choose display default only after PDF/source check for high-priority formulas.
can_a247747e8d,烏頭湯,3,2,WARN_herb_set_conflict_or_source_variant,2 distinct herb sets; dose_or_processing_difference_across_versions,high,39,fcver_374cc0cc17ea|fcver_eb36cc3b1bd0|fcver_9ed62ada6f9e,mb_jingui|v146_graph|金匱要略,Keep all source-specific composition versions; choose display default only after PDF/source check for high-priority formulas.
can_a26ad2322b,防己黃耆湯,2,1,WARN_dose_difference,dose_or_processing_difference_across_versions,high,44,fcver_4b0948d224f6|fcver_570661e5c961,mb_jingui|金匱要略,Keep all source-specific composition versions; choose display default only after PDF/source check for high-priority formulas.
can_a2aaa3190c,麻黃湯,3,1,WARN_dose_difference,dose_or_processing_difference_across_versions,high,91,fcver_cee124791b01|fcver_e5be2a420fae|fcver_56607ed32c3b,mb_shanghan|v146_graph|傷寒論,Keep all source-specific composition versions; choose display default only after PDF/source check for high-priority formulas.
can_a2c8064f4e,桂枝加芍藥湯,2,1,WARN_dose_difference,dose_or_processing_difference_across_versions,medium,4,fcver_dd2a52e99fdd|fcver_7db92367e01c,mb_shanghan|傷寒論,Keep all source-specific composition versions; choose display default only after PDF/source check for high-priority formulas.
can_a395e5b3b3,射干麻黃湯,2,1,WARN_dose_difference,dose_or_processing_difference_across_versions,high,28,fcver_4fa663c1f3f1|fcver_f7ba5805e541,mb_jingui|金匱要略,Keep all source-specific composition versions; choose display default only after PDF/source check for high-priority formulas.
can_a4b1acc0e9,紅藍花酒,2,1,WARN_dose_difference,dose_or_processing_difference_across_versions,medium,1,fcver_5fa88a74102d|fcver_f109c1e2ccf0,mb_jingui|金匱要略,Keep all source-specific composition versions; choose display default only after PDF/source check for high-priority formulas.
can_a5504301bc,桂枝加龍骨牡蠣湯,2,2,WARN_herb_set_conflict_or_source_variant,2 distinct herb sets; dose_or_processing_difference_across_versions,high,10,fcver_2182421355f7|fcver_a678c4bc1c34,mb_jingui|金匱要略,Keep all source-specific composition versions; choose display default only after PDF/source check for high-priority formulas.
can_a61be5b856,理中丸,3,1,WARN_dose_difference,dose_or_processing_difference_across_versions,high,27,fcver_a7e88ed00f64|fcver_34c5b5b6e11f|fcver_c7ce2ccfc984,mb_shanghan|v146_graph|傷寒論,Keep all source-specific composition versions; choose display default only after PDF/source check for high-priority formulas.
can_a6c1667847,旋覆代赭湯,3,2,WARN_herb_set_conflict_or_source_variant,2 distinct herb sets; dose_or_processing_difference_across_versions,high,10,fcver_e090c201d853|fcver_b7f22ad4bb75|fcver_fce2f8b9bcd1,mb_shanghan|v146_graph|傷寒論,Keep all source-specific composition versions; choose display default only after PDF/source check for high-priority formulas.
can_a767624758,麻黃連軺赤小豆湯,2,1,WARN_dose_difference,dose_or_processing_difference_across_versions,medium,2,fcver_85767fa62086|fcver_e76ace46ff5b,mb_shanghan|傷寒論,Keep all source-specific composition versions; choose display default only after PDF/source check for high-priority formulas.
can_a9e9beb2b4,桂枝加芍藥生薑各一兩人參三兩新加湯,2,1,WARN_dose_difference,dose_or_processing_difference_across_versions,medium,3,fcver_278b09156e92|fcver_386b02a7bbd0,mb_shanghan|傷寒論,Keep all source-specific composition versions; choose display default only after PDF/source check for high-priority formulas.
can_a9f0081074,赤豆當歸散,2,1,WARN_dose_difference,dose_or_processing_difference_across_versions,medium,2,fcver_119f36b428be|fcver_87c5afb907fa,mb_jingui|金匱要略,Keep all source-specific composition versions; choose display default only after PDF/source check for high-priority formulas.
can_aa32ff233a,麻黃杏仁甘草石膏湯,2,1,WARN_dose_difference,dose_or_processing_difference_across_versions,high,11,fcver_d925fb28a9ff|fcver_c9c546a8e3a4,mb_shanghan|傷寒論,Keep all source-specific composition versions; choose display default only after PDF/source check for high-priority formulas.
can_aad8567a39,當歸四逆湯,2,1,WARN_dose_difference,dose_or_processing_difference_across_versions,high,21,fcver_49c6e60b3550|fcver_799f93d3b0f2,mb_shanghan|傷寒論,Keep all source-specific composition versions; choose display default only after PDF/source check for high-priority formulas.
can_ab0e6ee7ba,狼牙湯,2,1,WARN_dose_difference,dose_or_processing_difference_across_versions,medium,1,fcver_11dc9fa5db22|fcver_712fefaef8c0,mb_jingui|金匱要略,Keep all source-specific composition versions; choose display default only after PDF/source check for high-priority formulas.
can_ab6fb2f92f,茯苓戎鹽湯,2,1,WARN_dose_difference,dose_or_processing_difference_across_versions,medium,2,fcver_826061af1fe5|fcver_79d6c28c5a7b,mb_jingui|金匱要略,Keep all source-specific composition versions; choose display default only after PDF/source check for high-priority formulas.
can_ac6aa9ff6c,大半夏湯,3,1,WARN_dose_difference,dose_or_processing_difference_across_versions,high,17,fcver_1c4c0458e31a|fcver_ff065aee37c9|fcver_5239da459aca,mb_jingui|v146_graph|金匱要略,Keep all source-specific composition versions; choose display default only after PDF/source check for high-priority formulas.
can_ad6798de56,梔子蘗皮湯,2,1,WARN_dose_difference,dose_or_processing_difference_across_versions,medium,1,fcver_44d3e4a19171|fcver_bb74b7a7b491,mb_shanghan|傷寒論,Keep all source-specific composition versions; choose display default only after PDF/source check for high-priority formulas.
can_ade50c4bf6,桂苓五味甘草去桂加薑辛夏湯,2,1,WARN_dose_difference,dose_or_processing_difference_across_versions,medium,0,fcver_96e8c0ce9e3e|fcver_929c3e97a053,mb_jingui|金匱要略,Keep all source-specific composition versions; choose display default only after PDF/source check for high-priority formulas.
can_ae15981a69,桂枝去桂加茯苓白朮湯,2,1,WARN_dose_difference,dose_or_processing_difference_across_versions,medium,7,fcver_3794fbe326cd|fcver_f4c531824ecf,mb_shanghan|傷寒論,Keep all source-specific composition versions; choose display default only after PDF/source check for high-priority formulas.
can_b18a13f6c2,紫參湯,2,1,WARN_dose_difference,dose_or_processing_difference_across_versions,medium,1,fcver_5858dbc96f45|fcver_35fbde6af07d,mb_jingui|金匱要略,Keep all source-specific composition versions; choose display default only after PDF/source check for high-priority formulas.
can_b272d7ec13,麻黃杏仁薏苡甘草湯,2,1,WARN_dose_difference,dose_or_processing_difference_across_versions,medium,9,fcver_4b467ce5691b|fcver_4cb0921d5d94,mb_jingui|金匱要略,Keep all source-specific composition versions; choose display default only after PDF/source check for high-priority formulas.
can_b2ca4cdedd,澤漆湯,2,1,WARN_dose_difference,dose_or_processing_difference_across_versions,medium,5,fcver_83e61a5c7bce|fcver_f8c2191a7118,mb_jingui|金匱要略,Keep all source-specific composition versions; choose display default only after PDF/source check for high-priority formulas.
can_b6bb2dd07b,附子粳米湯,2,1,WARN_dose_difference,dose_or_processing_difference_across_versions,medium,8,fcver_c5fd138c6fcf|fcver_fe49e49a6395,mb_jingui|金匱要略,Keep all source-specific composition versions; choose display default only after PDF/source check for high-priority formulas.
can_b7bc26913a,小半夏加茯苓湯,3,1,WARN_dose_difference,dose_or_processing_difference_across_versions,high,18,fcver_56b576ecbcd4|fcver_bd8cc6da78d1|fcver_4875e8cd9f20,mb_jingui|v146_graph|金匱要略,Keep all source-specific composition versions; choose display default only after PDF/source check for high-priority formulas.
can_b8804ab23f,大承氣湯,5,2,WARN_herb_set_conflict_or_source_variant,2 distinct herb sets; dose_or_processing_difference_across_versions,high,122,fcver_d970d6b597dd|fcver_66adb2edf2cc|fcver_fd12f1641d35|fcver_b39791175263|fcver_b99aba00caad,mb_jingui|mb_shanghan|v146_graph|傷寒論|金匱要略,Keep all source-specific composition versions; choose display default only after PDF/source check for high-priority formulas.
can_b88121df22,滑石白魚散,2,1,WARN_dose_difference,dose_or_processing_difference_across_versions,medium,2,fcver_f1cafa9760c3|fcver_89bddb7a99d3,mb_jingui|金匱要略,Keep all source-specific composition versions; choose display default only after PDF/source check for high-priority formulas.
can_b89804367c,桂枝加厚朴杏子湯,2,1,WARN_dose_difference,dose_or_processing_difference_across_versions,high,12,fcver_2df681521374|fcver_d879bb045c17,mb_shanghan|傷寒論,Keep all source-specific composition versions; choose display default only after PDF/source check for high-priority formulas.
can_bbaa8d330a,當歸芍藥散,2,1,WARN_dose_difference,dose_or_processing_difference_across_versions,high,35,fcver_b0e24dd209f2|fcver_eaf46c216811,mb_jingui|金匱要略,Keep all source-specific composition versions; choose display default only after PDF/source check for high-priority formulas.
can_bc67e22b6b,乾薑人參半夏丸,2,1,WARN_dose_difference,dose_or_processing_difference_across_versions,medium,3,fcver_41062ee3ae62|fcver_7c408e44b052,mb_jingui|金匱要略,Keep all source-specific composition versions; choose display default only after PDF/source check for high-priority formulas.
can_bf1d0528e8,桂苓五味甘草湯,2,1,WARN_dose_difference,dose_or_processing_difference_across_versions,medium,5,fcver_68a043cb0cba|fcver_e4b965e89320,mb_jingui|金匱要略,Keep all source-specific composition versions; choose display default only after PDF/source check for high-priority formulas.
can_bfe8ff2d34,大黃䗪蟲丸,2,1,WARN_dose_difference,dose_or_processing_difference_across_versions,medium,1,fcver_d5cf74a210be|fcver_e7e4fb5053e8,mb_jingui|金匱要略,Keep all source-specific composition versions; choose display default only after PDF/source check for high-priority formulas.
can_c0e3df661a,桂枝生薑枳實湯,2,1,WARN_dose_difference,dose_or_processing_difference_across_versions,high,16,fcver_5af2ff9d2b85|fcver_ece3122d7770,mb_jingui|金匱要略,Keep all source-specific composition versions; choose display default only after PDF/source check for high-priority formulas.
can_c343468943,真武湯,3,1,WARN_dose_difference,dose_or_processing_difference_across_versions,high,55,fcver_275b81a553be|fcver_1e683cee4a19|fcver_cc56c68c152c,mb_shanghan|v146_graph|傷寒論,Keep all source-specific composition versions; choose display default only after PDF/source check for high-priority formulas.
can_c4005c8d78,栝蔞薤白白酒湯,3,1,WARN_dose_difference,dose_or_processing_difference_across_versions,high,22,fcver_8e681554e081|fcver_3986149dc180|fcver_e67c352d2cdb,mb_jingui|v146_graph|金匱要略,Keep all source-specific composition versions; choose display default only after PDF/source check for high-priority formulas.
can_c4a276d57d,蜀漆散,2,1,WARN_dose_difference,dose_or_processing_difference_across_versions,medium,3,fcver_9497ddd8b3bf|fcver_7d4648fe8d92,mb_jingui|金匱要略,Keep all source-specific composition versions; choose display default only after PDF/source check for high-priority formulas.
can_c55bf7f8a9,麻子仁丸,4,3,WARN_herb_set_conflict_or_source_variant,3 distinct herb sets; dose_or_processing_difference_across_versions,high,12,fcver_11769c435a05|fcver_766581e04cc8|fcver_08087234a9e0|fcver_c5ddabaa84c5,mb_jingui|mb_shanghan|傷寒論|金匱要略,Keep all source-specific composition versions; choose display default only after PDF/source check for high-priority formulas.
can_c6991f8c43,甘草麻黃湯,2,1,WARN_dose_difference,dose_or_processing_difference_across_versions,medium,3,fcver_918de4e8c852|fcver_da8103b6a34f,mb_jingui|金匱要略,Keep all source-specific composition versions; choose display default only after PDF/source check for high-priority formulas.
can_c990391d4b,梔子生薑豉湯,2,1,WARN_dose_difference,dose_or_processing_difference_across_versions,medium,1,fcver_f0d24d439bdc|fcver_62644e2ee343,mb_shanghan|傷寒論,Keep all source-specific composition versions; choose display default only after PDF/source check for high-priority formulas.
can_cb70c47616,礬石丸,2,1,WARN_dose_difference,dose_or_processing_difference_across_versions,medium,1,fcver_129975815c10|fcver_e9a9dfc15d4a,mb_jingui|金匱要略,Keep all source-specific composition versions; choose display default only after PDF/source check for high-priority formulas.
can_cbf0400be4,黃連湯,2,1,WARN_dose_difference,dose_or_processing_difference_across_versions,high,18,fcver_74ab084de70a|fcver_921db44961a3,mb_shanghan|傷寒論,Keep all source-specific composition versions; choose display default only after PDF/source check for high-priority formulas.
can_ccabb452af,苓甘五味加薑辛半夏杏仁湯,2,1,WARN_dose_difference,dose_or_processing_difference_across_versions,medium,0,fcver_bfd6bba500b5|fcver_f8ad5a66c819,mb_jingui|金匱要略,Keep all source-specific composition versions; choose display default only after PDF/source check for high-priority formulas.
can_cef13f92b3,蜜煎,2,1,WARN_dose_difference,dose_or_processing_difference_across_versions,medium,2,fcver_ada378753aae|fcver_70c8a2b9927d,mb_shanghan|傷寒論,Keep all source-specific composition versions; choose display default only after PDF/source check for high-priority formulas.
can_d02d5ea55c,木防己湯,2,1,WARN_dose_difference,dose_or_processing_difference_across_versions,high,14,fcver_c8252c54c3a7|fcver_f55ed99fa663,mb_jingui|金匱要略,Keep all source-specific composition versions; choose display default only after PDF/source check for high-priority formulas.
can_d21b4c22dd,黃土湯,3,2,WARN_herb_set_conflict_or_source_variant,2 distinct herb sets; dose_or_processing_difference_across_versions,high,13,fcver_884e923eb858|fcver_57add1e2d73d|fcver_1aff196c5424,mb_jingui|v146_graph|金匱要略,Keep all source-specific composition versions; choose display default only after PDF/source check for high-priority formulas.
can_d371fad8d5,厚朴三物湯,2,1,WARN_dose_difference,dose_or_processing_difference_across_versions,medium,1,fcver_05d95501abae|fcver_2bc868381f10,mb_jingui|金匱要略,Keep all source-specific composition versions; choose display default only after PDF/source check for high-priority formulas.
can_d803d41911,半夏散,2,1,WARN_dose_difference,dose_or_processing_difference_across_versions,medium,4,fcver_500a2ca748e4|fcver_2c612c315348,mb_shanghan|傷寒論,Keep all source-specific composition versions; choose display default only after PDF/source check for high-priority formulas.
can_d897d4f4dc,麻黃細辛附子湯,2,1,WARN_dose_difference,dose_or_processing_difference_across_versions,medium,2,fcver_2b27798ff61f|fcver_ae66246f35a6,mb_shanghan|傷寒論,Keep all source-specific composition versions; choose display default only after PDF/source check for high-priority formulas.
can_d8e4f548f9,當歸散,2,1,WARN_dose_difference,dose_or_processing_difference_across_versions,high,10,fcver_a5d4b027a33a|fcver_3bcb05c9dbce,mb_jingui|金匱要略,Keep all source-specific composition versions; choose display default only after PDF/source check for high-priority formulas.
can_da7e4cc455,竹葉石膏湯,3,2,WARN_herb_set_conflict_or_source_variant,2 distinct herb sets; dose_or_processing_difference_across_versions,high,47,fcver_f58e8926d785|fcver_942363467e14|fcver_1fae266308c2,mb_shanghan|v146_graph|傷寒論,Keep all source-specific composition versions; choose display default only after PDF/source check for high-priority formulas.
can_dba26ca75a,甘草附子湯,2,1,WARN_dose_difference,dose_or_processing_difference_across_versions,medium,7,fcver_c40de81ce1df|fcver_e03321da907a,mb_jingui|金匱要略,Keep all source-specific composition versions; choose display default only after PDF/source check for high-priority formulas.
can_dc9fafa098,厚朴七物湯,2,1,WARN_dose_difference,dose_or_processing_difference_across_versions,medium,5,fcver_790fd252c74b|fcver_1e389c26e1f9,mb_jingui|金匱要略,Keep all source-specific composition versions; choose display default only after PDF/source check for high-priority formulas.
can_dcbc01dc7a,百合滑石散,2,1,WARN_dose_difference,dose_or_processing_difference_across_versions,medium,9,fcver_3003fb8e673e|fcver_65a5e959ef16,mb_jingui|金匱要略,Keep all source-specific composition versions; choose display default only after PDF/source check for high-priority formulas.
can_de97b9f678,桂枝加附子湯,2,1,WARN_dose_difference,dose_or_processing_difference_across_versions,medium,8,fcver_34d2d6efbb6c|fcver_75e469e4073e,mb_shanghan|傷寒論,Keep all source-specific composition versions; choose display default only after PDF/source check for high-priority formulas.
can_debdfbf1b5,茯苓桂枝甘草大棗湯,4,2,WARN_herb_set_conflict_or_source_variant,2 distinct herb sets; dose_or_processing_difference_across_versions,high,11,fcver_d9131d035976|fcver_980b7341e413|fcver_e8cdaa172665|fcver_dbe08b9daba0,mb_jingui|mb_shanghan|傷寒論|金匱要略,Keep all source-specific composition versions; choose display default only after PDF/source check for high-priority formulas.
can_e2a38b6c0c,百合知母湯,2,1,WARN_dose_difference,dose_or_processing_difference_across_versions,high,17,fcver_d7c34b7dd13b|fcver_24e482504e85,mb_jingui|金匱要略,Keep all source-specific composition versions; choose display default only after PDF/source check for high-priority formulas.
can_e2bd2dc237,桂枝甘草龍骨牡蠣湯,3,1,WARN_dose_difference,dose_or_processing_difference_across_versions,high,14,fcver_a706c8f2d303|fcver_6328484c1e0f|fcver_bb7478b8df6d,mb_shanghan|v146_graph|傷寒論,Keep all source-specific composition versions; choose display default only after PDF/source check for high-priority formulas.
can_e4355f999b,桂枝加桂湯,4,2,WARN_herb_set_conflict_or_source_variant,2 distinct herb sets; dose_or_processing_difference_across_versions,high,15,fcver_1ef6f350d75e|fcver_2abeafc0cb4a|fcver_56b422f2869d|fcver_dda8c7eebed9,mb_jingui|mb_shanghan|傷寒論|金匱要略,Keep all source-specific composition versions; choose display default only after PDF/source check for high-priority formulas.
can_e5ee53b9bb,赤丸,2,1,WARN_dose_difference,dose_or_processing_difference_across_versions,medium,1,fcver_8ddd517ed661|fcver_d91d1d2c06ba,mb_jingui|金匱要略,Keep all source-specific composition versions; choose display default only after PDF/source check for high-priority formulas.
can_e66f07e352,烏頭煎,2,1,WARN_dose_difference,dose_or_processing_difference_across_versions,medium,1,fcver_b51eda86e86e|fcver_05aa0fdd07e6,mb_jingui|金匱要略,Keep all source-specific composition versions; choose display default only after PDF/source check for high-priority formulas.
can_e86d108eb3,烏梅丸,2,1,WARN_dose_difference,dose_or_processing_difference_across_versions,medium,7,fcver_13fb9ce7fc40|fcver_bf29a03bbdf3,mb_shanghan|傷寒論,Keep all source-specific composition versions; choose display default only after PDF/source check for high-priority formulas.
can_e92c1f4dc5,黃耆芍桂苦酒湯,2,1,WARN_dose_difference,dose_or_processing_difference_across_versions,medium,1,fcver_cff95e7b0616|fcver_af38f0afc3b9,mb_jingui|金匱要略,Keep all source-specific composition versions; choose display default only after PDF/source check for high-priority formulas.
can_eaa4fac2c8,通脈四逆湯,4,3,WARN_herb_set_conflict_or_source_variant,3 distinct herb sets; dose_or_processing_difference_across_versions,high,25,fcver_647224b733ec|fcver_0f067939d1bf|fcver_c73a653b593a|fcver_54a8831c6ed2,mb_jingui|mb_shanghan|傷寒論|金匱要略,Keep all source-specific composition versions; choose display default only after PDF/source check for high-priority formulas.
can_ec1a31ebb3,甘草乾薑湯,4,2,WARN_herb_set_conflict_or_source_variant,2 distinct herb sets; dose_or_processing_difference_across_versions,high,15,fcver_cbbaa5f702f6|fcver_437dfda4bb0b|fcver_83b5ea1e88cc|fcver_eb5fda89dd6a,mb_jingui|mb_shanghan|傷寒論|金匱要略,Keep all source-specific composition versions; choose display default only after PDF/source check for high-priority formulas.
can_eccc220f5e,枳實梔子豉湯,2,1,WARN_dose_difference,dose_or_processing_difference_across_versions,medium,3,fcver_b4d0626c30af|fcver_2edeeee32d01,mb_shanghan|傷寒論,Keep all source-specific composition versions; choose display default only after PDF/source check for high-priority formulas.
can_f0aa750445,苦酒湯,2,1,WARN_dose_difference,dose_or_processing_difference_across_versions,medium,6,fcver_17ade9df06ed|fcver_7c752d25b5e4,mb_shanghan|傷寒論,Keep all source-specific composition versions; choose display default only after PDF/source check for high-priority formulas.
can_f2fe8daf3f,薯蕷丸,2,1,WARN_dose_difference,dose_or_processing_difference_across_versions,medium,9,fcver_2a348ac85a19|fcver_7309b3277d1e,mb_jingui|金匱要略,Keep all source-specific composition versions; choose display default only after PDF/source check for high-priority formulas.
can_f3ad66a19d,十棗湯,5,3,WARN_herb_set_conflict_or_source_variant,3 distinct herb sets; dose_or_processing_difference_across_versions,high,48,fcver_eef636b52473|fcver_56ddb67c6bf4|fcver_4be0cb247dd9|fcver_59e29c9581b5|fcver_e5e1162ba9c1,mb_jingui|mb_shanghan|v146_graph|傷寒論|金匱要略,Keep all source-specific composition versions; choose display default only after PDF/source check for high-priority formulas.
can_f51682eb9f,小半夏湯,3,1,WARN_dose_difference,dose_or_processing_difference_across_versions,high,33,fcver_a7433a076e0a|fcver_e93687028769|fcver_def5807f33b8,mb_jingui|v146_graph|金匱要略,Keep all source-specific composition versions; choose display default only after PDF/source check for high-priority formulas.
can_f6133068f5,金匱腎氣丸,3,2,WARN_herb_set_conflict_or_source_variant,2 distinct herb sets; dose_or_processing_difference_across_versions,high,65,fcver_05209433dd60|fcver_5c00f8a1792f|fcver_7c79df8b7900,mb_jingui|v146_graph|金匱要略,Keep all source-specific composition versions; choose display default only after PDF/source check for high-priority formulas.
can_f63dbab021,當歸生薑羊肉湯,2,1,WARN_dose_difference,dose_or_processing_difference_across_versions,high,13,fcver_2711918d6be0|fcver_ed7ba294a490,mb_jingui|金匱要略,Keep all source-specific composition versions; choose display default only after PDF/source check for high-priority formulas.
can_f6f14b7644,桂枝加黃耆湯,3,1,WARN_dose_difference,dose_or_processing_difference_across_versions,high,19,fcver_f1cfce811dc3|fcver_6cbab3f61f3c|fcver_054b386853f5,mb_jingui|v146_graph|金匱要略,Keep all source-specific composition versions; choose display default only after PDF/source check for high-priority formulas.
can_f7fe3e3a3d,半夏瀉心湯,5,2,WARN_herb_set_conflict_or_source_variant,2 distinct herb sets; dose_or_processing_difference_across_versions,high,81,fcver_b4cd0743e68d|fcver_f0b6da448812|fcver_c2bbfd8c57b3|fcver_73515a48e83e|fcver_22487523a3a1,mb_jingui|mb_shanghan|v146_graph|傷寒論|金匱要略,Keep all source-specific composition versions; choose display default only after PDF/source check for high-priority formulas.
can_fa297aa0fd,柴胡加龍骨牡蠣湯,2,1,WARN_dose_difference,dose_or_processing_difference_across_versions,high,17,fcver_eaa6d487e5d1|fcver_bd6aa25f571e,mb_shanghan|傷寒論,Keep all source-specific composition versions; choose display default only after PDF/source check for high-priority formulas.
can_fac67569c9,小承氣湯,5,1,WARN_dose_difference,dose_or_processing_difference_across_versions,high,44,fcver_b7e8ad397637|fcver_3b5c5bd961f1|fcver_4fda84bbad41|fcver_f61548bead9d|fcver_91b616e9f680,mb_jingui|mb_shanghan|v146_graph|傷寒論|金匱要略,Keep all source-specific composition versions; choose display default only after PDF/source check for high-priority formulas.
can_fd6168584b,薏苡附子散,2,1,WARN_dose_difference,dose_or_processing_difference_across_versions,high,12,fcver_d423bb672a74|fcver_023676b40730,mb_jingui|金匱要略,Keep all source-specific composition versions; choose display default only after PDF/source check for high-priority formulas.
can_ff9f5b461f,黃芩湯,2,1,WARN_dose_difference,dose_or_processing_difference_across_versions,high,23,fcver_73eb67ffb12c|fcver_837eece1bfca,mb_shanghan|傷寒論,Keep all source-specific composition versions; choose display default only after PDF/source check for high-priority formulas.
