state_row_id,book_id,topic_or_disease,topic_canonical_id,stage,state_name,state_canonical_id,symptoms_text,formulas,formula_canonical_ids,treatment_method,source_ref_id,source_pdf,evidence_text,parse_method,confidence,review_status
wb_state_fe57150ba4,wenbing,伏暑,can_fca00c6700,衛氣,氣分兼表,,頭痛惡寒、發熱無汗、心煩口渴、小溲短赤、脘痞苔膩,黃連香薷飲；銀翹散,can_b8ca5cba56；can_bfd282c938,,src_patch_wenbing_state_1f0775b8a2,2_1_3_臨床一-溫病學分章精要筆記(103-1_109-2).pdf,伏暑｜氣分兼表；症狀：頭痛惡寒、發熱無汗、心煩口渴、小溲短赤、脘痞苔膩；方劑：黃連香薷飲、銀翹散。,phaseK1_structured_state_crosswalk_pdf_primary,high_seed_pdf_traceable,usable
wb_state_2d14dc8bea,wenbing,伏暑,can_fca00c6700,氣分,濕熱挾滯阻於胃腸,,胸腹灼熱、嘔噁、便溏不爽、色黃如醬、苔黃垢膩,枳實導滯湯,can_b26c1465ff,,src_patch_wenbing_state_d6b5dde60b,2_1_3_臨床一-溫病學分章精要筆記(103-1_109-2).pdf,伏暑｜濕熱挾滯阻於胃腸；症狀：胸腹灼熱、嘔噁、便溏不爽、色黃如醬、苔黃垢膩；方劑：枳實導滯湯。,phaseK1_structured_state_crosswalk_pdf_primary,high_seed_pdf_traceable,usable
wb_state_8e90e2e37c,wenbing,伏暑,can_fca00c6700,營分,熱在心營下移小腸,,發熱日輕夜重、心煩不寐、口乾、渴不欲飲、小溲短赤熱痛、舌絳,導赤清心湯,can_ca4c878ef7,,src_patch_wenbing_state_7c884ecb65,2_1_3_臨床一-溫病學分章精要筆記(103-1_109-2).pdf,伏暑｜熱在心營下移小腸；症狀：發熱日輕夜重、心煩不寐、口乾、渴不欲飲、小溲短赤熱痛、舌絳；方劑：導赤清心湯。,phaseK1_structured_state_crosswalk_pdf_primary,high_seed_pdf_traceable,usable
wb_state_3452cedf03,wenbing,伏暑,can_fca00c6700,營血,熱閉心包血絡瘀滯,,發熱夜甚、神昏譫語、漱水不欲嚥、舌絳無苔、望之若乾捫之尚潤、紫晦而潤,犀地清絡飲,can_c99aa27fae,,src_patch_wenbing_state_61210a4fe5,2_1_3_臨床一-溫病學分章精要筆記(103-1_109-2).pdf,伏暑｜熱閉心包血絡瘀滯；症狀：發熱夜甚、神昏譫語、漱水不欲嚥、舌絳無苔、望之若乾捫之尚潤、紫晦而潤；方劑：犀地清絡飲。,phaseK1_structured_state_crosswalk_pdf_primary,high_seed_pdf_traceable,usable
wb_state_e7ad42d5d9,wenbing,伏暑,can_fca00c6700,衛營,營分兼表,,發熱微惡寒、頭痛少汗、口乾不渴、心煩、舌赤無苔,銀翹散,can_bfd282c938,,src_patch_wenbing_state_2f78e8152e,2_1_3_臨床一-溫病學分章精要筆記(103-1_109-2).pdf,伏暑｜營分兼表；症狀：發熱微惡寒、頭痛少汗、口乾不渴、心煩、舌赤無苔；方劑：銀翹散。,phaseK1_structured_state_crosswalk_pdf_primary,high_seed_pdf_traceable,usable
wb_state_79f013afd5,wenbing,伏暑,can_fca00c6700,衛氣,發於氣分兼表,,寒熱如瘧、胸腹灼熱、大便溏而不爽色如醬、暑濕內伏兼表,蒿芩清膽湯,can_53bf54bb08,,src_patch_wenbing_state_ab96e4848f,2_1_3_臨床一-溫病學分章精要筆記(103-1_109-2).pdf,伏暑｜發於氣分兼表；症狀：寒熱如瘧、胸腹灼熱、大便溏而不爽色如醬、暑濕內伏兼表；方劑：蒿芩清膽湯。,phaseK1_structured_state_crosswalk_pdf_primary,high_seed_pdf_traceable,usable
wb_state_4d37d62664,wenbing,伏暑,can_fca00c6700,衛營,發於營分兼表,,營分鬱熱、兼表證、心煩、夜熱、舌赤,導赤清心湯,can_ca4c878ef7,,src_patch_wenbing_state_cf788f5fe8,2_1_3_臨床一-溫病學分章精要筆記(103-1_109-2).pdf,伏暑｜發於營分兼表；症狀：營分鬱熱、兼表證、心煩、夜熱、舌赤；方劑：導赤清心湯。,phaseK1_structured_state_crosswalk_pdf_primary,high_seed_pdf_traceable,usable
wb_state_a868811fe1,wenbing,伏暑,can_fca00c6700,氣分/少陽,邪在少陽膽經,,寒熱似瘧、口渴心煩、脘痞苔膩、身熱午後較重、入暮尤劇、天明得汗諸證稍減、胸腹灼熱始終不除,蒿芩清膽湯,can_53bf54bb08,,src_patch_wenbing_state_4e0d5e8429,2_1_3_臨床一-溫病學分章精要筆記(103-1_109-2).pdf,伏暑｜邪在少陽膽經；症狀：寒熱似瘧、口渴心煩、脘痞苔膩、身熱午後較重、入暮尤劇、天明得汗諸證稍減、胸腹灼熱始終不除；方劑：蒿芩清膽湯。,phaseK1_structured_state_crosswalk_pdf_primary,high_seed_pdf_traceable,usable
wb_state_10ab59f877,wenbing,伏暑,can_fca00c6700,氣分,陽明腑實小腸熱結,,身熱、煩渴、腹滿痛拒按、小便短赤而痛、苔黃燥,導赤承氣湯,can_545cfc2c10,,src_patch_wenbing_state_757b83858d,2_1_3_臨床一-溫病學分章精要筆記(103-1_109-2).pdf,伏暑｜陽明腑實小腸熱結；症狀：身熱、煩渴、腹滿痛拒按、小便短赤而痛、苔黃燥；方劑：導赤承氣湯。,phaseK1_structured_state_crosswalk_pdf_primary,high_seed_pdf_traceable,usable
wb_state_3502d0ebb5,wenbing,春溫,can_70ad62f0a0,氣營/血,氣血兩燔,can_28ecb71598,壯熱口渴、煩躁不寧、苔黃舌絳、肌膚發斑、吐血衄血,加減玉女煎；化斑湯,can_93607d801b；can_72309e1018,,src_patch_wenbing_state_acaf9d72d2,2_1_3_臨床一-溫病學分章精要筆記(103-1_109-2).pdf,春溫｜氣血兩燔；症狀：壯熱口渴、煩躁不寧、苔黃舌絳、肌膚發斑、吐血衄血；方劑：加減玉女煎、化斑湯。,phaseK1_structured_state_crosswalk_pdf_primary,high_seed_pdf_traceable,usable
wb_state_822888f4e6,wenbing,春溫,can_70ad62f0a0,血分,熱入血分,,灼熱躁擾、昏狂譫妄、斑疹紫黑、吐衄便血、舌深絳,犀角地黃湯,can_4014424d11,,src_patch_wenbing_state_b3bf16c841,2_1_3_臨床一-溫病學分章精要筆記(103-1_109-2).pdf,春溫｜熱入血分；症狀：灼熱躁擾、昏狂譫妄、斑疹紫黑、吐衄便血、舌深絳；方劑：犀角地黃湯。,phaseK1_structured_state_crosswalk_pdf_primary,high_seed_pdf_traceable,usable
wb_state_4accfeaaca,wenbing,春溫,can_70ad62f0a0,衛氣/少陽,熱在少陽兼表,,發熱惡寒、頭痛少汗、口苦而渴、心煩、小便短赤、舌紅苔黃、脈弦數,蔥豉桔梗湯；黃芩湯,can_587db51ddb；can_ff9f5b461f,,src_patch_wenbing_state_34593bf27d,2_1_3_臨床一-溫病學分章精要筆記(103-1_109-2).pdf,春溫｜熱在少陽兼表；症狀：發熱惡寒、頭痛少汗、口苦而渴、心煩、小便短赤、舌紅苔黃、脈弦數；方劑：蔥豉桔梗湯、黃芩湯。,phaseK1_structured_state_crosswalk_pdf_primary,high_seed_pdf_traceable,usable
wb_state_d04367917a,wenbing,春溫,can_70ad62f0a0,氣分,熱在少陽膽經,,發熱不惡寒、口苦而渴、心煩、小溲短赤、舌紅苔黃、脈弦數,黃芩湯,can_ff9f5b461f,,src_patch_wenbing_state_95f3923614,2_1_3_臨床一-溫病學分章精要筆記(103-1_109-2).pdf,春溫｜熱在少陽膽經；症狀：發熱不惡寒、口苦而渴、心煩、小溲短赤、舌紅苔黃、脈弦數；方劑：黃芩湯。,phaseK1_structured_state_crosswalk_pdf_primary,high_seed_pdf_traceable,usable
wb_state_b244372ee1,wenbing,春溫,can_70ad62f0a0,氣分,熱灼胸膈,,身熱不已、煩躁不安、胸膈灼熱如焚、唇焦咽燥、口渴或便秘、舌紅苔黃,涼膈散,can_8aef833bbc,,src_patch_wenbing_state_a24ed2fd17,2_1_3_臨床一-溫病學分章精要筆記(103-1_109-2).pdf,春溫｜熱灼胸膈；症狀：身熱不已、煩躁不安、胸膈灼熱如焚、唇焦咽燥、口渴或便秘、舌紅苔黃；方劑：涼膈散。,phaseK1_structured_state_crosswalk_pdf_primary,high_seed_pdf_traceable,usable
wb_state_19d3f34c5d,wenbing,春溫,can_70ad62f0a0,氣分,熱熾津傷,,壯熱、面赤、汗多、心煩、渴喜涼飲、舌紅苔黃燥、脈洪大,白虎湯,can_2ff0ddd4f5,,src_patch_wenbing_state_9fcd0424b8,2_1_3_臨床一-溫病學分章精要筆記(103-1_109-2).pdf,春溫｜熱熾津傷；症狀：壯熱、面赤、汗多、心煩、渴喜涼飲、舌紅苔黃燥、脈洪大；方劑：白虎湯。,phaseK1_structured_state_crosswalk_pdf_primary,high_seed_pdf_traceable,usable
wb_state_0d0e70f5c0,wenbing,春溫,can_70ad62f0a0,氣分/血分,熱盛動風,can_658da0d5f8,高熱、煩渴、手足躁擾、狂亂、神昏痙厥、頸項強直、角弓反張、舌紅苔黃、脈弦數,羚角鉤藤湯,can_6b81f6e9f3,,src_patch_wenbing_state_8646496327,2_1_3_臨床一-溫病學分章精要筆記(103-1_109-2).pdf,春溫｜熱盛動風；症狀：高熱、煩渴、手足躁擾、狂亂、神昏痙厥、頸項強直、角弓反張、舌紅苔黃、脈弦數；方劑：羚角鉤藤湯。,phaseK1_structured_state_crosswalk_pdf_primary,high_seed_pdf_traceable,usable
wb_state_a947e1c6d3,wenbing,春溫,can_70ad62f0a0,氣分,熱結腸腑,,身熱、腹滿、便秘、口乾唇裂、舌苔焦燥、脈沉細,增液承氣湯；新加黃龍湯；導赤承氣湯,can_6fbd1b243a；can_49d38c2f30；can_545cfc2c10,,src_patch_wenbing_state_d57505a66d,2_1_3_臨床一-溫病學分章精要筆記(103-1_109-2).pdf,春溫｜熱結腸腑；症狀：身熱、腹滿、便秘、口乾唇裂、舌苔焦燥、脈沉細；方劑：增液承氣湯、新加黃龍湯、導赤承氣湯。,phaseK1_structured_state_crosswalk_pdf_primary,high_seed_pdf_traceable,usable
wb_state_0a4c88590c,wenbing,春溫,can_70ad62f0a0,,熱結腸腑,,身熱、腹滿、便秘、苔焦黑、口乾咽燥、唇裂舌焦、倦怠少氣、撮空摸床、目不了了、脈沉弱或沉細,增液承氣湯；新加黃龍湯,can_6fbd1b243a；can_49d38c2f30,,src_patch_wenbing_state_cde21f07d9,2_1_3_臨床一-溫病學分章精要筆記(103-1_109-2).pdf,春溫｜熱結腸腑；症狀：身熱、腹滿、便秘、苔焦黑、口乾咽燥、唇裂舌焦、倦怠少氣、撮空摸床、目不了了、脈沉弱或沉細；方劑：增液承氣湯、新加黃龍湯。,phaseK1_structured_state_crosswalk_pdf_primary,high_seed_pdf_traceable,usable
wb_state_52759aba34,wenbing,春溫,can_70ad62f0a0,血分,熱與血結,,少腹疼痛、小便自利、神志狂亂、脈沉實,桃仁承氣湯,can_82231876d0,,src_patch_wenbing_state_1632be0b6c,2_1_3_臨床一-溫病學分章精要筆記(103-1_109-2).pdf,春溫｜熱與血結；症狀：少腹疼痛、小便自利、神志狂亂、脈沉實；方劑：桃仁承氣湯。,phaseK1_structured_state_crosswalk_pdf_primary,high_seed_pdf_traceable,usable
wb_state_f691a3ba88,wenbing,春溫,can_70ad62f0a0,後期/陰分,邪留陰分,,夜熱早涼、熱退無汗、舌紅少苔、脈細數,青蒿鱉甲湯,can_2b50e82428,,src_patch_wenbing_state_e15ccb4319,2_1_3_臨床一-溫病學分章精要筆記(103-1_109-2).pdf,春溫｜邪留陰分；症狀：夜熱早涼、熱退無汗、舌紅少苔、脈細數；方劑：青蒿鱉甲湯。,phaseK1_structured_state_crosswalk_pdf_primary,high_seed_pdf_traceable,usable
wb_state_3efa205ee8,wenbing,春溫,can_70ad62f0a0,下焦,陰虛動風,,手足蠕動、瘛瘲、心中澹澹大動、神倦脈虛、舌絳苔少、時時欲脫,三甲復脈湯；大定風珠,can_07bb35db61；can_d8f57a6b89,,src_patch_wenbing_state_1fa69ab5f8,2_1_3_臨床一-溫病學分章精要筆記(103-1_109-2).pdf,春溫｜陰虛動風；症狀：手足蠕動、瘛瘲、心中澹澹大動、神倦脈虛、舌絳苔少、時時欲脫；方劑：三甲復脈湯、大定風珠。,phaseK1_structured_state_crosswalk_pdf_primary,high_seed_pdf_traceable,usable
wb_state_4d335d2bf7,wenbing,春溫,can_70ad62f0a0,氣分,陽明腑實小腸熱結,,身熱、煩渴、腹滿痛拒按、小便短赤而痛、苔黃燥,導赤承氣湯,can_545cfc2c10,,src_patch_wenbing_state_431a9701d2,2_1_3_臨床一-溫病學分章精要筆記(103-1_109-2).pdf,春溫｜陽明腑實小腸熱結；症狀：身熱、煩渴、腹滿痛拒按、小便短赤而痛、苔黃燥；方劑：導赤承氣湯。,phaseK1_structured_state_crosswalk_pdf_primary,high_seed_pdf_traceable,usable
wb_state_f3d05d8f96,wenbing,暑溫,can_99809ad8f7,氣分,冒暑,,身熱口渴、咳逆無痰、胸悶脅痛、脈濡滑而數、兩寸有力、頭暈、寒熱汗出、苔薄白微膩,雷氏清宣金臟法；雷氏清涼滌暑法,can_fa55a371b3；can_516efe0dcf,,src_patch_wenbing_state_e5f1e90098,2_1_3_臨床一-溫病學分章精要筆記(103-1_109-2).pdf,暑溫｜冒暑；症狀：身熱口渴、咳逆無痰、胸悶脅痛、脈濡滑而數、兩寸有力、頭暈、寒熱汗出、苔薄白微膩；方劑：雷氏清宣金臟法、雷氏清涼滌暑法。,phaseK1_structured_state_crosswalk_pdf_primary,high_seed_pdf_traceable,usable
wb_state_6a49e2cab2,wenbing,暑溫,can_99809ad8f7,營陰,暑傷心腎,,心熱煩躁、消渴不已、舌絳、苔黃燥,連梅湯,can_12a1897545,,src_patch_wenbing_state_892d1f23b2,2_1_3_臨床一-溫病學分章精要筆記(103-1_109-2).pdf,暑溫｜暑傷心腎；症狀：心熱煩躁、消渴不已、舌絳、苔黃燥；方劑：連梅湯。,phaseK1_structured_state_crosswalk_pdf_primary,high_seed_pdf_traceable,usable
wb_state_e6761628d3,wenbing,暑溫,can_99809ad8f7,氣分,暑傷津氣,,身熱息高、心煩溺黃、口渴自汗、肢倦神疲、脈虛無力,王氏清暑益氣湯,can_1a473ed469,,src_patch_wenbing_state_ea84ce10de,2_1_3_臨床一-溫病學分章精要筆記(103-1_109-2).pdf,暑溫｜暑傷津氣；症狀：身熱息高、心煩溺黃、口渴自汗、肢倦神疲、脈虛無力；方劑：王氏清暑益氣湯。,phaseK1_structured_state_crosswalk_pdf_primary,high_seed_pdf_traceable,usable
wb_state_3469951069,wenbing,暑溫,can_99809ad8f7,營分,暑入心營,,脈虛舌赤、心煩口乾、夜寐不安、時有譫語,清營湯；安宮牛黃丸,can_d46a775b19；can_a600d0b107,,src_patch_wenbing_state_7e1bcbda53,2_1_3_臨床一-溫病學分章精要筆記(103-1_109-2).pdf,暑溫｜暑入心營；症狀：脈虛舌赤、心煩口乾、夜寐不安、時有譫語；方劑：清營湯、安宮牛黃丸。,phaseK1_structured_state_crosswalk_pdf_primary,high_seed_pdf_traceable,usable
wb_state_dcce07f104,wenbing,暑溫,can_99809ad8f7,血分,暑入血分,,灼熱煩躁、斑色紫黑、舌絳苔焦、神昏妄笑,神犀丹；安宮牛黃丸,can_192a4d6a0f；can_a600d0b107,,src_patch_wenbing_state_d45df7ffb7,2_1_3_臨床一-溫病學分章精要筆記(103-1_109-2).pdf,暑溫｜暑入血分；症狀：灼熱煩躁、斑色紫黑、舌絳苔焦、神昏妄笑；方劑：神犀丹、安宮牛黃丸。,phaseK1_structured_state_crosswalk_pdf_primary,high_seed_pdf_traceable,usable
wb_state_9bffa361f4,wenbing,暑溫,can_99809ad8f7,氣分,暑入陽明胃,,惡熱心煩、頭痛且暈、面赤氣粗、口燥渴飲、汗多、背微惡寒、脈洪大而芤,白虎湯；白虎加人參湯,can_2ff0ddd4f5；can_29712407d7,,src_patch_wenbing_state_4ffe38fc80,2_1_3_臨床一-溫病學分章精要筆記(103-1_109-2).pdf,暑溫｜暑入陽明胃；症狀：惡熱心煩、頭痛且暈、面赤氣粗、口燥渴飲、汗多、背微惡寒、脈洪大而芤；方劑：白虎湯、白虎加人參湯。,phaseK1_structured_state_crosswalk_pdf_primary,high_seed_pdf_traceable,usable
wb_state_ff4b951874,wenbing,暑溫,can_99809ad8f7,衛氣,暑兼寒濕,,頭痛身熱、惡寒無汗、身形拘急、脘悶心煩、舌苔薄膩,新加香薷飲；黃連香薷飲,can_3ef5308d66；can_b8ca5cba56,,src_patch_wenbing_state_1522dd5e49,2_1_3_臨床一-溫病學分章精要筆記(103-1_109-2).pdf,暑溫｜暑兼寒濕；症狀：頭痛身熱、惡寒無汗、身形拘急、脘悶心煩、舌苔薄膩；方劑：新加香薷飲、黃連香薷飲。,phaseK1_structured_state_crosswalk_pdf_primary,high_seed_pdf_traceable,usable
wb_state_688bd73d82,wenbing,暑溫,can_99809ad8f7,營分/心包,暑厥,can_19d2e80e63,猝然暈倒、昏不知人、身熱肢厥、氣粗如喘、不聲不語、牙關微緊或口開、脈洪大或滑數,安宮牛黃丸；紫雪丹,can_a600d0b107；can_2492d0d413,,src_patch_wenbing_state_9291ff2d70,2_1_3_臨床一-溫病學分章精要筆記(103-1_109-2).pdf,暑溫｜暑厥；症狀：猝然暈倒、昏不知人、身熱肢厥、氣粗如喘、不聲不語、牙關微緊或口開、脈洪大或滑數；方劑：安宮牛黃丸、紫雪丹。,phaseK1_structured_state_crosswalk_pdf_primary,high_seed_pdf_traceable,usable
wb_state_dfbb4ba78e,wenbing,暑溫,can_99809ad8f7,氣分,暑濕困阻中焦,,壯熱煩渴、汗多溺短、脘痞身重、脈洪大,白虎加蒼朮湯,can_f68fa41089,,src_patch_wenbing_state_038abcf987,2_1_3_臨床一-溫病學分章精要筆記(103-1_109-2).pdf,暑溫｜暑濕困阻中焦；症狀：壯熱煩渴、汗多溺短、脘痞身重、脈洪大；方劑：白虎加蒼朮湯。,phaseK1_structured_state_crosswalk_pdf_primary,high_seed_pdf_traceable,usable
wb_state_8f56c5670c,wenbing,暑溫,can_99809ad8f7,氣分,暑濕瀰漫三焦,,身熱面赤耳聾、胸悶脘痞、下利稀水、小便短赤、咳痰帶血、不甚渴飲、舌紅赤、苔黃滑,三石湯,can_30bcd1dd93,,src_patch_wenbing_state_fa0ce3a890,2_1_3_臨床一-溫病學分章精要筆記(103-1_109-2).pdf,暑溫｜暑濕瀰漫三焦；症狀：身熱面赤耳聾、胸悶脘痞、下利稀水、小便短赤、咳痰帶血、不甚渴飲、舌紅赤、苔黃滑；方劑：三石湯。,phaseK1_structured_state_crosswalk_pdf_primary,high_seed_pdf_traceable,usable
wb_state_de37ccd684,wenbing,暑溫,can_99809ad8f7,氣血,暑瘵,,驟然吐血、衄血、頭目不清、煩熱口渴、咳嗽氣喘、脈浮取洪中取空沉取復有,雷氏清宣金臟法；雷氏卻暑調元法；清絡飲加杏仁苡仁滑石湯,can_fa55a371b3；can_59b36e35a1；can_21c896168c,,src_patch_wenbing_state_a83f699d22,2_1_3_臨床一-溫病學分章精要筆記(103-1_109-2).pdf,暑溫｜暑瘵；症狀：驟然吐血、衄血、頭目不清、煩熱口渴、咳嗽氣喘、脈浮取洪中取空沉取復有；方劑：雷氏清宣金臟法、雷氏卻暑調元法、清絡飲加杏仁苡仁滑石湯。,phaseK1_structured_state_crosswalk_pdf_primary,high_seed_pdf_traceable,usable
wb_state_ae20cf9937,wenbing,暑溫,can_99809ad8f7,氣分/閉竅,暑穢,,頭痛而脹、胸脘痞悶、煩躁嘔噁、膚熱有汗、神昏耳聾,雷氏芳香化濁法；通關散；玉樞丹,can_3b9e21db1a；can_31bdef10b4；can_3b44f0e239,,src_patch_wenbing_state_f68a28ce4c,2_1_3_臨床一-溫病學分章精要筆記(103-1_109-2).pdf,暑溫｜暑穢；症狀：頭痛而脹、胸脘痞悶、煩躁嘔噁、膚熱有汗、神昏耳聾；方劑：雷氏芳香化濁法、通關散、玉樞丹。,phaseK1_structured_state_crosswalk_pdf_primary,high_seed_pdf_traceable,usable
wb_state_b5b92569cd,wenbing,暑溫,can_99809ad8f7,血分,暑風,,身熱、四肢抽搐、角弓反張、牙關緊閉、神迷不清、脈弦數,羚角鉤藤湯；清營湯,can_6b81f6e9f3；can_d46a775b19,,src_patch_wenbing_state_f9d15f4bf5,2_1_3_臨床一-溫病學分章精要筆記(103-1_109-2).pdf,暑溫｜暑風；症狀：身熱、四肢抽搐、角弓反張、牙關緊閉、神迷不清、脈弦數；方劑：羚角鉤藤湯、清營湯。,phaseK1_structured_state_crosswalk_pdf_primary,high_seed_pdf_traceable,usable
wb_state_6c1ff6d176,wenbing,暑溫,can_99809ad8f7,氣陰兩虛,津氣欲脫,,身熱已退、汗出不止、喘渴欲脫、脈散大,生脈散,can_0c7a0c0c52,,src_patch_wenbing_state_babf0e2af3,2_1_3_臨床一-溫病學分章精要筆記(103-1_109-2).pdf,暑溫｜津氣欲脫；症狀：身熱已退、汗出不止、喘渴欲脫、脈散大；方劑：生脈散。,phaseK1_structured_state_crosswalk_pdf_primary,high_seed_pdf_traceable,usable
wb_state_b065a85f92,wenbing,溫毒,can_8f3946d5dc,衛氣,大頭瘟,,憎寒發熱、頭面焮赤腫痛、壯熱煩躁、口渴引飲、咽喉疼痛,普濟消毒飲,can_32448c9b4b,,src_patch_wenbing_state_6660063741,2_1_3_臨床一-溫病學分章精要筆記(103-1_109-2).pdf,溫毒｜大頭瘟；症狀：憎寒發熱、頭面焮赤腫痛、壯熱煩躁、口渴引飲、咽喉疼痛；方劑：普濟消毒飲。,phaseK1_structured_state_crosswalk_pdf_primary,high_seed_pdf_traceable,usable
wb_state_ec6d47c0fa,wenbing,溫疫,can_c5fa5c55b5,氣血,暑燥疫,,發病急劇、病情險惡、熱毒充斥氣血、斑疹、高熱,清瘟敗毒飲,can_3a4e8f6d36,,src_patch_wenbing_state_0fca5cd8b5,2_1_3_臨床一-溫病學分章精要筆記(103-1_109-2).pdf,溫疫｜暑燥疫；症狀：發病急劇、病情險惡、熱毒充斥氣血、斑疹、高熱；方劑：清瘟敗毒飲。,phaseK1_structured_state_crosswalk_pdf_primary,high_seed_pdf_traceable,usable
wb_state_58eb31f436,wenbing,溫疫,can_c5fa5c55b5,氣分/膜原,濕熱疫,,發病急劇、強烈傳染性、寒熱往來、穢濁鬱閉膜原,達原飲,can_1fe720a5ed,,src_patch_wenbing_state_12ecc266f0,2_1_3_臨床一-溫病學分章精要筆記(103-1_109-2).pdf,溫疫｜濕熱疫；症狀：發病急劇、強烈傳染性、寒熱往來、穢濁鬱閉膜原；方劑：達原飲。,phaseK1_structured_state_crosswalk_pdf_primary,high_seed_pdf_traceable,usable
wb_state_d932fbcc99,wenbing,濕溫,can_51e662c874,氣分,三焦升降失司,,脘腹脹滿、大便不爽或溏泄、身或重痛、舌白滑或微黃、脈濡緩或模糊,一加減正氣散；二加減正氣散；三加減正氣散；四加減正氣散；五加減正氣散,can_44a3027a00；can_b35a4c8c82；can_029d5f9635；can_af8f1226d9；can_09bb91e228,,src_patch_wenbing_state_5944882a3c,2_1_3_臨床一-溫病學分章精要筆記(103-1_109-2).pdf,濕溫｜三焦升降失司；症狀：脘腹脹滿、大便不爽或溏泄、身或重痛、舌白滑或微黃、脈濡緩或模糊；方劑：一加減正氣散、二加減正氣散、三加減正氣散、四加減正氣散、五加減正氣散。,phaseK1_structured_state_crosswalk_pdf_primary,high_seed_pdf_traceable,usable
wb_state_b4c9ea2b90,wenbing,濕溫,can_51e662c874,脫證,下血過多氣虛欲脫,,大便出血不止、顏面蒼白、汗出肢冷、舌淡無華、脈微細,獨參湯；黃土湯,can_6904c3c22c；can_d21b4c22dd,,src_patch_wenbing_state_6b9b0e4c1e,2_1_3_臨床一-溫病學分章精要筆記(103-1_109-2).pdf,濕溫｜下血過多氣虛欲脫；症狀：大便出血不止、顏面蒼白、汗出肢冷、舌淡無華、脈微細；方劑：獨參湯、黃土湯。,phaseK1_structured_state_crosswalk_pdf_primary,high_seed_pdf_traceable,usable
wb_state_d796d186e1,wenbing,濕溫,can_51e662c874,濕邪寒化,濕勝陽微,,身冷、汗泄、胸痞、口渴、苔白膩、舌淡滑、脈沉細,薛氏扶陽逐濕湯；真武湯,can_5652b116cf；can_c343468943,,src_patch_wenbing_state_1aecbb05b3,2_1_3_臨床一-溫病學分章精要筆記(103-1_109-2).pdf,濕溫｜濕勝陽微；症狀：身冷、汗泄、胸痞、口渴、苔白膩、舌淡滑、脈沉細；方劑：薛氏扶陽逐濕湯、真武湯。,phaseK1_structured_state_crosswalk_pdf_primary,high_seed_pdf_traceable,usable
wb_state_19c500a54f,wenbing,濕溫,can_51e662c874,氣分,濕困中焦,,身熱不揚、脘痞腹脹、噁心欲吐、口不渴或渴喜熱飲、便溏、小便混濁、苔白膩、脈濡緩,雷氏芳香化濁法,can_3b9e21db1a,,src_patch_wenbing_state_488e18de6b,2_1_3_臨床一-溫病學分章精要筆記(103-1_109-2).pdf,濕溫｜濕困中焦；症狀：身熱不揚、脘痞腹脹、噁心欲吐、口不渴或渴喜熱飲、便溏、小便混濁、苔白膩、脈濡緩；方劑：雷氏芳香化濁法。,phaseK1_structured_state_crosswalk_pdf_primary,high_seed_pdf_traceable,usable
wb_state_f92e31372e,wenbing,濕溫,can_51e662c874,濕邪寒化,濕困脾陽,,脘腹脹滿、大便不爽或溏瀉、食少無味、苔白膩或白膩而滑、脈緩,四加減正氣散；五加減正氣散,can_af8f1226d9；can_09bb91e228,,src_patch_wenbing_state_37cb1bcea5,2_1_3_臨床一-溫病學分章精要筆記(103-1_109-2).pdf,濕溫｜濕困脾陽；症狀：脘腹脹滿、大便不爽或溏瀉、食少無味、苔白膩或白膩而滑、脈緩；方劑：四加減正氣散、五加減正氣散。,phaseK1_structured_state_crosswalk_pdf_primary,high_seed_pdf_traceable,usable
wb_state_399ea81415,wenbing,濕溫,can_51e662c874,氣分,濕熱中阻,can_6201394b37,發熱汗出不解、口渴不欲多飲、脘痞嘔噁、心中煩悶、便溏色黃、小便短赤、苔黃膩、脈濡數,王氏連朴飲,can_1efb2a8734,,src_patch_wenbing_state_116da0243b,2_1_3_臨床一-溫病學分章精要筆記(103-1_109-2).pdf,濕溫｜濕熱中阻；症狀：發熱汗出不解、口渴不欲多飲、脘痞嘔噁、心中煩悶、便溏色黃、小便短赤、苔黃膩、脈濡數；方劑：王氏連朴飲。,phaseK1_structured_state_crosswalk_pdf_primary,high_seed_pdf_traceable,usable
wb_state_10cebd094c,wenbing,濕溫,can_51e662c874,營分,濕熱化燥入於心包,,身熱不退、神昏少有清醒、譫語、昏憒不語、舌蹇肢厥、舌質紅絳、苔薄黃少津,加減清宮湯；紫雪丹；至寶丹,can_ab6baffef5；can_2492d0d413；can_c74df694b8,,src_patch_wenbing_state_96869b9a36,2_1_3_臨床一-溫病學分章精要筆記(103-1_109-2).pdf,濕溫｜濕熱化燥入於心包；症狀：身熱不退、神昏少有清醒、譫語、昏憒不語、舌蹇肢厥、舌質紅絳、苔薄黃少津；方劑：加減清宮湯、紫雪丹、至寶丹。,phaseK1_structured_state_crosswalk_pdf_primary,high_seed_pdf_traceable,usable
wb_state_dd5dccf2e2,wenbing,濕溫,can_51e662c874,血分,濕熱化燥大便下血,,灼熱煩躁、便下鮮血、舌質紅絳、脈細數,犀角地黃湯,can_4014424d11,,src_patch_wenbing_state_00518dce5e,2_1_3_臨床一-溫病學分章精要筆記(103-1_109-2).pdf,濕溫｜濕熱化燥大便下血；症狀：灼熱煩躁、便下鮮血、舌質紅絳、脈細數；方劑：犀角地黃湯。,phaseK1_structured_state_crosswalk_pdf_primary,high_seed_pdf_traceable,usable
wb_state_c9c63fb40f,wenbing,濕溫,can_51e662c874,營血,濕熱化燥痙厥,,壯熱、口渴、痙搐、昏譫或笑、苔黃、舌紅而燥,薛氏救陰泄邪方,can_c1b4d054ba,,src_patch_wenbing_state_31d1a32f08,2_1_3_臨床一-溫病學分章精要筆記(103-1_109-2).pdf,濕溫｜濕熱化燥痙厥；症狀：壯熱、口渴、痙搐、昏譫或笑、苔黃、舌紅而燥；方劑：薛氏救陰泄邪方。,phaseK1_structured_state_crosswalk_pdf_primary,high_seed_pdf_traceable,usable
wb_state_ad12e92c32,wenbing,濕溫,can_51e662c874,氣分,濕熱挾滯內阻胃腸,,身熱不退、胸脘痞悶、腹微痛、大便溏而不爽、舌苔黃濁,枳實導滯丸,can_4b375d534f,,src_patch_wenbing_state_77e6b19371,2_1_3_臨床一-溫病學分章精要筆記(103-1_109-2).pdf,濕溫｜濕熱挾滯內阻胃腸；症狀：身熱不退、胸脘痞悶、腹微痛、大便溏而不爽、舌苔黃濁；方劑：枳實導滯丸。,phaseK1_structured_state_crosswalk_pdf_primary,high_seed_pdf_traceable,usable
wb_state_0db6f28b4c,wenbing,濕溫,can_51e662c874,氣分,濕熱瀰漫三焦,,苔灰白、胸痞悶、身熱嘔噁、煩渴自利、汗出溺短,杏仁滑石湯,can_21b040c5fe,,src_patch_wenbing_state_156e5f63c6,2_1_3_臨床一-溫病學分章精要筆記(103-1_109-2).pdf,濕溫｜濕熱瀰漫三焦；症狀：苔灰白、胸痞悶、身熱嘔噁、煩渴自利、汗出溺短；方劑：杏仁滑石湯。,phaseK1_structured_state_crosswalk_pdf_primary,high_seed_pdf_traceable,usable
wb_state_d646ab5046,wenbing,濕溫,can_51e662c874,氣分,濕熱膠結難解,,脈緩、舌苔淡黃而滑、身痛、渴不多飲、或不渴、汗出熱解繼而復熱,黃芩滑石湯,can_935f54670b,,src_patch_wenbing_state_53252db583,2_1_3_臨床一-溫病學分章精要筆記(103-1_109-2).pdf,濕溫｜濕熱膠結難解；症狀：脈緩、舌苔淡黃而滑、身痛、渴不多飲、或不渴、汗出熱解繼而復熱；方劑：黃芩滑石湯。,phaseK1_structured_state_crosswalk_pdf_primary,high_seed_pdf_traceable,usable
wb_state_f72bb50641,wenbing,濕溫,can_51e662c874,氣分,濕熱蘊毒,,發熱口渴、胸悶腹脹、肢痠倦怠、咽喉腫痛、小便黃赤、身目發黃、苔黃而膩、脈滑數,甘露消毒丹,can_2580e7bb40,,src_patch_wenbing_state_6767a744e9,2_1_3_臨床一-溫病學分章精要筆記(103-1_109-2).pdf,濕溫｜濕熱蘊毒；症狀：發熱口渴、胸悶腹脹、肢痠倦怠、咽喉腫痛、小便黃赤、身目發黃、苔黃而膩、脈滑數；方劑：甘露消毒丹。,phaseK1_structured_state_crosswalk_pdf_primary,high_seed_pdf_traceable,usable
wb_state_7f8f564bc3,wenbing,濕溫,can_51e662c874,氣營,濕熱釀痰蒙蔽心竅,,身熱不退、朝輕暮重、神識昏蒙、時清時昧、譫語、舌苔黃膩、脈濡滑而數,菖蒲鬱金湯,can_639443e7d9,,src_patch_wenbing_state_11cb58bc69,2_1_3_臨床一-溫病學分章精要筆記(103-1_109-2).pdf,濕溫｜濕熱釀痰蒙蔽心竅；症狀：身熱不退、朝輕暮重、神識昏蒙、時清時昧、譫語、舌苔黃膩、脈濡滑而數；方劑：菖蒲鬱金湯。,phaseK1_structured_state_crosswalk_pdf_primary,high_seed_pdf_traceable,usable
wb_state_4ef3601d94,wenbing,濕溫,can_51e662c874,氣分,濕熱鬱發白㾦,,發熱身痛、有汗不解、胸脘痞悶欲嘔、苔黃滑膩、胸腹發白㾦,薏苡竹葉散；三仁湯；生脈散,can_95b903efb1；can_472b9a98e0；can_0c7a0c0c52,,src_patch_wenbing_state_786138f15e,2_1_3_臨床一-溫病學分章精要筆記(103-1_109-2).pdf,濕溫｜濕熱鬱發白㾦；症狀：發熱身痛、有汗不解、胸脘痞悶欲嘔、苔黃滑膩、胸腹發白㾦；方劑：薏苡竹葉散、三仁湯、生脈散。,phaseK1_structured_state_crosswalk_pdf_primary,high_seed_pdf_traceable,usable
wb_state_fd05812ec8,wenbing,濕溫,can_51e662c874,衛氣,濕遏衛氣,,頭痛惡寒、身重疼痛、身熱不揚、胸脘痞悶不饑、口不渴、面色淡黃、苔白膩、脈濡緩,藿朴夏苓湯；三仁湯,can_48048e7873；can_472b9a98e0,,src_patch_wenbing_state_40c186a678,2_1_3_臨床一-溫病學分章精要筆記(103-1_109-2).pdf,濕溫｜濕遏衛氣；症狀：頭痛惡寒、身重疼痛、身熱不揚、胸脘痞悶不饑、口不渴、面色淡黃、苔白膩、脈濡緩；方劑：藿朴夏苓湯、三仁湯。,phaseK1_structured_state_crosswalk_pdf_primary,high_seed_pdf_traceable,usable
wb_state_98cbc9f324,wenbing,濕溫,can_51e662c874,氣分,濕阻下焦泌別失職,,熱蒸頭脹、小便不通、渴不多飲、苔白膩,茯苓皮湯,can_efa23c61e7,,src_patch_wenbing_state_0ea9153233,2_1_3_臨床一-溫病學分章精要筆記(103-1_109-2).pdf,濕溫｜濕阻下焦泌別失職；症狀：熱蒸頭脹、小便不通、渴不多飲、苔白膩；方劑：茯苓皮湯。,phaseK1_structured_state_crosswalk_pdf_primary,high_seed_pdf_traceable,usable
wb_state_e9d0fb5569,wenbing,濕溫,can_51e662c874,氣分,濕阻腸道傳導失司,,神識如蒙、少腹硬滿、大便不通、苔垢膩,宣清導濁湯,can_539de8ce6e,,src_patch_wenbing_state_b55a2dfe95,2_1_3_臨床一-溫病學分章精要筆記(103-1_109-2).pdf,濕溫｜濕阻腸道傳導失司；症狀：神識如蒙、少腹硬滿、大便不通、苔垢膩；方劑：宣清導濁湯。,phaseK1_structured_state_crosswalk_pdf_primary,high_seed_pdf_traceable,usable
wb_state_ea1090bc76,wenbing,濕溫,can_51e662c874,氣分,熱熾陽明濕困太陰,,高熱汗出、面赤氣粗、口渴欲飲、身重脘痞、苔黃微膩、脈滑數,白虎加蒼朮湯,can_f68fa41089,,src_patch_wenbing_state_a9d1ae61bb,2_1_3_臨床一-溫病學分章精要筆記(103-1_109-2).pdf,濕溫｜熱熾陽明濕困太陰；症狀：高熱汗出、面赤氣粗、口渴欲飲、身重脘痞、苔黃微膩、脈滑數；方劑：白虎加蒼朮湯。,phaseK1_structured_state_crosswalk_pdf_primary,high_seed_pdf_traceable,usable
wb_state_32dae4a674,wenbing,濕溫,can_51e662c874,氣分,穢濁阻於膜原,,寒熱往來如瘧、寒甚熱微、身痛有汗、手足沉重、嘔逆脹滿、舌苔白厚膩濁如積粉、脈緩,雷氏宣透膜原法,can_f5d774f67f,,src_patch_wenbing_state_2918cf6214,2_1_3_臨床一-溫病學分章精要筆記(103-1_109-2).pdf,濕溫｜穢濁阻於膜原；症狀：寒熱往來如瘧、寒甚熱微、身痛有汗、手足沉重、嘔逆脹滿、舌苔白厚膩濁如積粉、脈緩；方劑：雷氏宣透膜原法。,phaseK1_structured_state_crosswalk_pdf_primary,high_seed_pdf_traceable,usable
wb_state_3367176af6,wenbing,濕溫,can_51e662c874,氣分,邪留少陽三焦,,寒熱起伏、胸悶、脘痞、腹脹、溲短、苔膩,黃連溫膽湯,can_bebc22dbfd,,src_patch_wenbing_state_bd571a27bd,2_1_3_臨床一-溫病學分章精要筆記(103-1_109-2).pdf,濕溫｜邪留少陽三焦；症狀：寒熱起伏、胸悶、脘痞、腹脹、溲短、苔膩；方劑：黃連溫膽湯。,phaseK1_structured_state_crosswalk_pdf_primary,high_seed_pdf_traceable,usable
wb_state_bd183a5672,wenbing,濕溫,can_51e662c874,後期調治,邪退正虛,,身熱已退、神疲倦語、不思食、小便短少、唇齒乾、舌紅苔少、脈細弱,薛氏加減生脈散,can_6579032aa8,,src_patch_wenbing_state_684d0e24ac,2_1_3_臨床一-溫病學分章精要筆記(103-1_109-2).pdf,濕溫｜邪退正虛；症狀：身熱已退、神疲倦語、不思食、小便短少、唇齒乾、舌紅苔少、脈細弱；方劑：薛氏加減生脈散。,phaseK1_structured_state_crosswalk_pdf_primary,high_seed_pdf_traceable,usable
wb_state_7529ed6433,wenbing,濕溫,can_51e662c874,氣分,陽明熱結兼濕,,身熱面赤、口燥咽乾、渴欲飲水、脘痞便秘、苔黃燥、脈沉實,增液承氣湯,can_6fbd1b243a,,src_patch_wenbing_state_538ee5031e,2_1_3_臨床一-溫病學分章精要筆記(103-1_109-2).pdf,濕溫｜陽明熱結兼濕；症狀：身熱面赤、口燥咽乾、渴欲飲水、脘痞便秘、苔黃燥、脈沉實；方劑：增液承氣湯。,phaseK1_structured_state_crosswalk_pdf_primary,high_seed_pdf_traceable,usable
wb_state_758db73354,wenbing,濕溫,can_51e662c874,後期調治,餘邪未淨,,身熱已退、脘中微悶、知飢不食、苔薄膩,薛氏五葉蘆根湯,can_c1523d03a3,,src_patch_wenbing_state_803c54eb35,2_1_3_臨床一-溫病學分章精要筆記(103-1_109-2).pdf,濕溫｜餘邪未淨；症狀：身熱已退、脘中微悶、知飢不食、苔薄膩；方劑：薛氏五葉蘆根湯。,phaseK1_structured_state_crosswalk_pdf_primary,high_seed_pdf_traceable,usable
wb_state_063e1ecb96,wenbing,秋燥,can_16a281090b,氣血,氣血兩燔,can_28ecb71598,身熱、口渴、煩躁不安、吐血衄血、苔黃舌絳,加減玉女煎,can_93607d801b,,src_patch_wenbing_state_5811d872e6,2_1_3_臨床一-溫病學分章精要筆記(103-1_109-2).pdf,秋燥｜氣血兩燔；症狀：身熱、口渴、煩躁不安、吐血衄血、苔黃舌絳；方劑：加減玉女煎。,phaseK1_structured_state_crosswalk_pdf_primary,high_seed_pdf_traceable,usable
wb_state_75b1c6c8cc,wenbing,秋燥,can_16a281090b,衛分,涼燥,,發熱、惡寒、頭痛、無汗、鼻塞、咽乾唇燥、咳嗽稀痰,杏蘇散,can_831b8663b8,,src_patch_wenbing_state_ba4bf16bbb,2_1_3_臨床一-溫病學分章精要筆記(103-1_109-2).pdf,秋燥｜涼燥；症狀：發熱、惡寒、頭痛、無汗、鼻塞、咽乾唇燥、咳嗽稀痰；方劑：杏蘇散。,phaseK1_structured_state_crosswalk_pdf_primary,high_seed_pdf_traceable,usable
wb_state_72aeaec5df,wenbing,秋燥,can_16a281090b,衛分,溫燥在肺衛,,發熱惡寒、咽乾鼻燥、咳嗽少痰、皮膚乾燥、苔薄白欠潤,桑杏湯,can_818bcaeb53,,src_patch_wenbing_state_4bc2a9259b,2_1_3_臨床一-溫病學分章精要筆記(103-1_109-2).pdf,秋燥｜溫燥在肺衛；症狀：發熱惡寒、咽乾鼻燥、咳嗽少痰、皮膚乾燥、苔薄白欠潤；方劑：桑杏湯。,phaseK1_structured_state_crosswalk_pdf_primary,high_seed_pdf_traceable,usable
wb_state_551a325ea0,wenbing,秋燥,can_16a281090b,氣分,燥干清竅,,耳鳴、目赤、齦腫、咽痛,翹荷湯,can_602103a846,,src_patch_wenbing_state_e8b08763b6,2_1_3_臨床一-溫病學分章精要筆記(103-1_109-2).pdf,秋燥｜燥干清竅；症狀：耳鳴、目赤、齦腫、咽痛；方劑：翹荷湯。,phaseK1_structured_state_crosswalk_pdf_primary,high_seed_pdf_traceable,usable
wb_state_250f88cf1d,wenbing,秋燥,can_16a281090b,氣分,燥熱傷肺,can_0c75dbf937,身熱、乾咳無痰、氣逆而喘、咽喉乾燥、鼻燥、胸滿脅痛、心煩口渴、舌苔薄白而燥、舌邊尖紅赤,清燥救肺湯,can_b0c5b38a32,,src_patch_wenbing_state_573bb0a319,2_1_3_臨床一-溫病學分章精要筆記(103-1_109-2).pdf,秋燥｜燥熱傷肺；症狀：身熱、乾咳無痰、氣逆而喘、咽喉乾燥、鼻燥、胸滿脅痛、心煩口渴、舌苔薄白而燥、舌邊尖紅赤；方劑：清燥救肺湯。,phaseK1_structured_state_crosswalk_pdf_primary,high_seed_pdf_traceable,usable
wb_state_f8fc973692,wenbing,秋燥,can_16a281090b,營血,肺燥腸熱絡傷咳血,,初起喉癢乾咳、痰黏帶血、胸脅牽痛、胸腹灼熱、大便泄瀉,阿膠黃芩湯,can_8de57110c3,,src_patch_wenbing_state_6ddc257cf6,2_1_3_臨床一-溫病學分章精要筆記(103-1_109-2).pdf,秋燥｜肺燥腸熱絡傷咳血；症狀：初起喉癢乾咳、痰黏帶血、胸脅牽痛、胸腹灼熱、大便泄瀉；方劑：阿膠黃芩湯。,phaseK1_structured_state_crosswalk_pdf_primary,high_seed_pdf_traceable,usable
wb_state_3e2ba0f9b3,wenbing,秋燥,can_16a281090b,氣分,肺燥腸閉,,咳嗽不爽而多痰、胸腹脹滿、便秘,五仁橘皮湯,can_3cef20471f,,src_patch_wenbing_state_9703de1ebe,2_1_3_臨床一-溫病學分章精要筆記(103-1_109-2).pdf,秋燥｜肺燥腸閉；症狀：咳嗽不爽而多痰、胸腹脹滿、便秘；方劑：五仁橘皮湯。,phaseK1_structured_state_crosswalk_pdf_primary,high_seed_pdf_traceable,usable
wb_state_3f448330b9,wenbing,秋燥,can_16a281090b,氣分,肺燥陰傷,can_9fb9b75811,乾咳少痰、咽乾口燥、肺燥陰傷、氣陰不足,清燥救肺湯,can_b0c5b38a32,,src_patch_wenbing_state_447749677c,2_1_3_臨床一-溫病學分章精要筆記(103-1_109-2).pdf,秋燥｜肺燥陰傷；症狀：乾咳少痰、咽乾口燥、肺燥陰傷、氣陰不足；方劑：清燥救肺湯。,phaseK1_structured_state_crosswalk_pdf_primary,high_seed_pdf_traceable,usable
wb_state_60fa3db72f,wenbing,秋燥,can_16a281090b,氣分/後期,肺胃傷陰,,身熱不甚、乾咳不已、口舌乾燥而渴,沙參麥冬湯；五汁飲,can_466b36a3f5；can_073b261429,,src_patch_wenbing_state_0f2621cf5f,2_1_3_臨床一-溫病學分章精要筆記(103-1_109-2).pdf,秋燥｜肺胃傷陰；症狀：身熱不甚、乾咳不已、口舌乾燥而渴；方劑：沙參麥冬湯、五汁飲。,phaseK1_structured_state_crosswalk_pdf_primary,high_seed_pdf_traceable,usable
wb_state_3387253bba,wenbing,秋燥,can_16a281090b,氣分,腑實津傷,,便秘、腹脹、神昏譫語、苔黑乾燥,調胃承氣湯,can_07468b2497,,src_patch_wenbing_state_16ca2ab69e,2_1_3_臨床一-溫病學分章精要筆記(103-1_109-2).pdf,秋燥｜腑實津傷；症狀：便秘、腹脹、神昏譫語、苔黑乾燥；方劑：調胃承氣湯。,phaseK1_structured_state_crosswalk_pdf_primary,high_seed_pdf_traceable,usable
wb_state_f7cd08e59e,wenbing,總論,can_09867f56a2,衛分,暑濕在衛,,發熱惡寒、無汗頭痛、身重脘痞、心煩口渴、舌紅苔白膩、脈濡數,新加香薷飲,can_3ef5308d66,,src_patch_wenbing_state_8090bf0763,2_1_3_臨床一-溫病學分章精要筆記(103-1_109-2).pdf,總論｜暑濕在衛；症狀：發熱惡寒、無汗頭痛、身重脘痞、心煩口渴、舌紅苔白膩、脈濡數；方劑：新加香薷飲。,phaseK1_structured_state_crosswalk_pdf_primary,high_seed_pdf_traceable,usable
wb_state_00486127b5,wenbing,總論,can_09867f56a2,衛分,濕熱在衛,,惡寒、身熱不揚、頭痛如裹、肢體困重、胸脘痞悶、口黏不渴、苔白膩、脈濡緩,藿朴夏苓湯,can_48048e7873,,src_patch_wenbing_state_b9c965a2c8,2_1_3_臨床一-溫病學分章精要筆記(103-1_109-2).pdf,總論｜濕熱在衛；症狀：惡寒、身熱不揚、頭痛如裹、肢體困重、胸脘痞悶、口黏不渴、苔白膩、脈濡緩；方劑：藿朴夏苓湯。,phaseK1_structured_state_crosswalk_pdf_primary,high_seed_pdf_traceable,usable
wb_state_66facda146,wenbing,總論,can_09867f56a2,血分,熱盛動血,,高熱躁擾、斑疹顯露、吐衄便血尿血、舌深絳,犀角地黃湯,can_4014424d11,,src_patch_wenbing_state_4f8ce1f570,2_1_3_臨床一-溫病學分章精要筆記(103-1_109-2).pdf,總論｜熱盛動血；症狀：高熱躁擾、斑疹顯露、吐衄便血尿血、舌深絳；方劑：犀角地黃湯。,phaseK1_structured_state_crosswalk_pdf_primary,high_seed_pdf_traceable,usable
wb_state_ae0c340823,wenbing,總論,can_09867f56a2,營分,熱閉心包,,神昏譫語、昏憒不語、灼熱肢厥、舌紅絳、脈細數,清宮湯；安宮牛黃丸；至寶丹；紫雪丹,can_adaad80c19；can_a600d0b107；can_c74df694b8；can_2492d0d413,,src_patch_wenbing_state_42a4bd4994,2_1_3_臨床一-溫病學分章精要筆記(103-1_109-2).pdf,總論｜熱閉心包；症狀：神昏譫語、昏憒不語、灼熱肢厥、舌紅絳、脈細數；方劑：清宮湯、安宮牛黃丸、至寶丹、紫雪丹。,phaseK1_structured_state_crosswalk_pdf_primary,high_seed_pdf_traceable,usable
wb_state_d6bb6d5f55,wenbing,總論,can_09867f56a2,衛分,燥熱在衛,,發熱、微惡風寒、少汗、口鼻咽喉乾燥、乾咳少痰、舌紅欠潤、苔薄白、脈浮數,桑杏湯,can_818bcaeb53,,src_patch_wenbing_state_bba616e2c6,2_1_3_臨床一-溫病學分章精要筆記(103-1_109-2).pdf,總論｜燥熱在衛；症狀：發熱、微惡風寒、少汗、口鼻咽喉乾燥、乾咳少痰、舌紅欠潤、苔薄白、脈浮數；方劑：桑杏湯。,phaseK1_structured_state_crosswalk_pdf_primary,high_seed_pdf_traceable,usable
wb_state_e7ae0428b0,wenbing,總論,can_09867f56a2,氣分,胃熱證,,高熱不惡寒、反惡熱、汗多、口渴喜冷飲、氣粗、舌紅苔黃燥、脈洪大而數,白虎湯,can_2ff0ddd4f5,,src_patch_wenbing_state_e662b70f4e,2_1_3_臨床一-溫病學分章精要筆記(103-1_109-2).pdf,總論｜胃熱證；症狀：高熱不惡寒、反惡熱、汗多、口渴喜冷飲、氣粗、舌紅苔黃燥、脈洪大而數；方劑：白虎湯。,phaseK1_structured_state_crosswalk_pdf_primary,high_seed_pdf_traceable,usable
wb_state_26eaa99dff,wenbing,總論,can_09867f56a2,氣分,腸腑實證,,日晡潮熱、便秘、腹脹滿拒按、譫語、舌紅苔黃厚乾燥、脈沉實而數,調胃承氣湯,can_07468b2497,,src_patch_wenbing_state_7342013390,2_1_3_臨床一-溫病學分章精要筆記(103-1_109-2).pdf,總論｜腸腑實證；症狀：日晡潮熱、便秘、腹脹滿拒按、譫語、舌紅苔黃厚乾燥、脈沉實而數；方劑：調胃承氣湯。,phaseK1_structured_state_crosswalk_pdf_primary,high_seed_pdf_traceable,usable
wb_state_524c34a465,wenbing,總論,can_09867f56a2,血分/下焦,虛風內動,can_f706caebf6,手足蠕動、微有抽搐、低熱消瘦、舌乾紅少津、脈虛數,大定風珠,can_d8f57a6b89,,src_patch_wenbing_state_f3f537dc7b,2_1_3_臨床一-溫病學分章精要筆記(103-1_109-2).pdf,總論｜虛風內動；症狀：手足蠕動、微有抽搐、低熱消瘦、舌乾紅少津、脈虛數；方劑：大定風珠。,phaseK1_structured_state_crosswalk_pdf_primary,high_seed_pdf_traceable,usable
wb_state_152c4a8054,wenbing,總論,can_09867f56a2,衛分,風熱在衛,,發熱較重、惡風寒較輕、頭痛、少汗、咳嗽、口微渴、舌邊尖紅、脈浮數,銀翹散,can_bfd282c938,,src_patch_wenbing_state_edaa899e5d,2_1_3_臨床一-溫病學分章精要筆記(103-1_109-2).pdf,總論｜風熱在衛；症狀：發熱較重、惡風寒較輕、頭痛、少汗、咳嗽、口微渴、舌邊尖紅、脈浮數；方劑：銀翹散。,phaseK1_structured_state_crosswalk_pdf_primary,high_seed_pdf_traceable,usable
wb_state_d5a44e4ce5,wenbing,風溫,can_a413321db6,營分/脫證,內閉外脫,,身熱、神志昏聵不語、倦臥、汗多氣短、脈細無力、面色蒼白、汗出淋漓、四肢厥冷、脈微細欲絕,參附湯；安宮牛黃丸；紫雪丹；至寶丹,can_68711ac98b；can_a600d0b107；can_2492d0d413；can_c74df694b8,,src_patch_wenbing_state_8df5d9170a,2_1_3_臨床一-溫病學分章精要筆記(103-1_109-2).pdf,風溫｜內閉外脫；症狀：身熱、神志昏聵不語、倦臥、汗多氣短、脈細無力、面色蒼白、汗出淋漓、四肢厥冷、脈微細欲絕；方劑：參附湯、安宮牛黃丸、紫雪丹、至寶丹。,phaseK1_structured_state_crosswalk_pdf_primary,high_seed_pdf_traceable,usable
wb_state_363da72320,wenbing,風溫,can_a413321db6,營分/血分,心營熱盛引動肝風,,灼熱肢厥、神識昏迷、手足瘛瘲、舌質紅絳,清宮湯；紫雪丹,can_adaad80c19；can_2492d0d413,,src_patch_wenbing_state_c3d6b849e7,2_1_3_臨床一-溫病學分章精要筆記(103-1_109-2).pdf,風溫｜心營熱盛引動肝風；症狀：灼熱肢厥、神識昏迷、手足瘛瘲、舌質紅絳；方劑：清宮湯、紫雪丹。,phaseK1_structured_state_crosswalk_pdf_primary,high_seed_pdf_traceable,usable
wb_state_56b13843b6,wenbing,風溫,can_a413321db6,氣分,有形熱結,,日晡潮熱、濈濈汗出、譫語、大便秘結、熱結旁流、肛門灼熱、腹部脹滿硬痛或拒按、苔老黃而燥、脈沉有力,調胃承氣湯,can_07468b2497,,src_patch_wenbing_state_14bc2a3ddc,2_1_3_臨床一-溫病學分章精要筆記(103-1_109-2).pdf,風溫｜有形熱結；症狀：日晡潮熱、濈濈汗出、譫語、大便秘結、熱結旁流、肛門灼熱、腹部脹滿硬痛或拒按、苔老黃而燥、脈沉有力；方劑：調胃承氣湯。,phaseK1_structured_state_crosswalk_pdf_primary,high_seed_pdf_traceable,usable
wb_state_c87d043a45,wenbing,風溫,can_a413321db6,氣分,無形熱盛,,壯熱面赤、惡熱、心煩、汗大出、苔黃而燥、渴喜涼飲、脈洪大,白虎湯,can_2ff0ddd4f5,,src_patch_wenbing_state_07493214d3,2_1_3_臨床一-溫病學分章精要筆記(103-1_109-2).pdf,風溫｜無形熱盛；症狀：壯熱面赤、惡熱、心煩、汗大出、苔黃而燥、渴喜涼飲、脈洪大；方劑：白虎湯。,phaseK1_structured_state_crosswalk_pdf_primary,high_seed_pdf_traceable,usable
wb_state_23b3c704cc,wenbing,風溫,can_a413321db6,營分/氣分,熱入心包兼陽明腑實,,神熱、神昏、舌蹇、肢厥、便祕、腹部按之硬痛、舌絳、苔黃燥、脈數沉實,牛黃承氣湯,can_afbce0bd12,,src_patch_wenbing_state_3bdb7d949f,2_1_3_臨床一-溫病學分章精要筆記(103-1_109-2).pdf,風溫｜熱入心包兼陽明腑實；症狀：神熱、神昏、舌蹇、肢厥、便祕、腹部按之硬痛、舌絳、苔黃燥、脈數沉實；方劑：牛黃承氣湯。,phaseK1_structured_state_crosswalk_pdf_primary,high_seed_pdf_traceable,usable
wb_state_8553c4b60e,wenbing,風溫,can_a413321db6,營分,熱爍營陰,,身熱夜甚、心煩躁擾、譫語、斑疹隱隱、口乾不甚渴飲、舌紅絳無苔、脈細數,清營湯,can_d46a775b19,,src_patch_wenbing_state_cc2d7dfc6b,2_1_3_臨床一-溫病學分章精要筆記(103-1_109-2).pdf,風溫｜熱爍營陰；症狀：身熱夜甚、心煩躁擾、譫語、斑疹隱隱、口乾不甚渴飲、舌紅絳無苔、脈細數；方劑：清營湯。,phaseK1_structured_state_crosswalk_pdf_primary,high_seed_pdf_traceable,usable
wb_state_ee6c0846c9,wenbing,風溫,can_a413321db6,氣分,熱阻胸膈微兼腑實,,身熱不已、煩躁不安、胸膈灼熱如焚、唇焦咽燥、口渴、便祕、舌心乾四邊色紅、脈浮滑而數,涼膈散,can_8aef833bbc,,src_patch_wenbing_state_d22761e019,2_1_3_臨床一-溫病學分章精要筆記(103-1_109-2).pdf,風溫｜熱阻胸膈微兼腑實；症狀：身熱不已、煩躁不安、胸膈灼熱如焚、唇焦咽燥、口渴、便祕、舌心乾四邊色紅、脈浮滑而數；方劑：涼膈散。,phaseK1_structured_state_crosswalk_pdf_primary,high_seed_pdf_traceable,usable
wb_state_34b24196d6,wenbing,風溫,can_a413321db6,營分,熱陷心包,,身灼熱、肢厥、神昏譫語、舌蹇、舌鮮絳、脈細數,清宮湯；安宮牛黃丸；至寶丹；紫雪丹,can_adaad80c19；can_a600d0b107；can_c74df694b8；can_2492d0d413,,src_patch_wenbing_state_ee0a3d45c6,2_1_3_臨床一-溫病學分章精要筆記(103-1_109-2).pdf,風溫｜熱陷心包；症狀：身灼熱、肢厥、神昏譫語、舌蹇、舌鮮絳、脈細數；方劑：清宮湯、安宮牛黃丸、至寶丹、紫雪丹。,phaseK1_structured_state_crosswalk_pdf_primary,high_seed_pdf_traceable,usable
wb_state_b362cd8dcd,wenbing,風溫,can_a413321db6,氣分,熱鬱胸膈,,身熱口渴、心煩懊憹、坐臥不安、舌苔微黃,梔子豉湯,can_2482e4b13d,,src_patch_wenbing_state_38b291c417,2_1_3_臨床一-溫病學分章精要筆記(103-1_109-2).pdf,風溫｜熱鬱胸膈；症狀：身熱口渴、心煩懊憹、坐臥不安、舌苔微黃；方劑：梔子豉湯。,phaseK1_structured_state_crosswalk_pdf_primary,high_seed_pdf_traceable,usable
wb_state_ec61fa6235,wenbing,風溫,can_a413321db6,氣分,痰熱結胸,,身熱面赤、渴欲涼飲、飲不解渴、得水則嘔、胸脘痞滿、按之疼痛、便秘、苔黃滑、脈滑數有力,小陷胸加枳實湯,can_36813be16d,,src_patch_wenbing_state_9cbfd78d40,2_1_3_臨床一-溫病學分章精要筆記(103-1_109-2).pdf,風溫｜痰熱結胸；症狀：身熱面赤、渴欲涼飲、飲不解渴、得水則嘔、胸脘痞滿、按之疼痛、便秘、苔黃滑、脈滑數有力；方劑：小陷胸加枳實湯。,phaseK1_structured_state_crosswalk_pdf_primary,high_seed_pdf_traceable,usable
wb_state_a81113f0e5,wenbing,風溫,can_a413321db6,血分,肝經熱盛動風,,身熱壯盛、頭暈脹痛、手足躁擾、瘛瘲、狂亂痙厥、舌紅苔燥無津、脈弦數,羚角鉤藤湯,can_6b81f6e9f3,,src_patch_wenbing_state_cd735783ce,2_1_3_臨床一-溫病學分章精要筆記(103-1_109-2).pdf,風溫｜肝經熱盛動風；症狀：身熱壯盛、頭暈脹痛、手足躁擾、瘛瘲、狂亂痙厥、舌紅苔燥無津、脈弦數；方劑：羚角鉤藤湯。,phaseK1_structured_state_crosswalk_pdf_primary,high_seed_pdf_traceable,usable
wb_state_d1dd6f34df,wenbing,風溫,can_a413321db6,下焦,肝腎陰傷,,身熱面赤、手足心熱甚於手足背、口乾舌燥、神倦耳聾、脈虛大,加減復脈湯；救逆湯；一甲復脈湯,can_2f379c2dbf；can_97f5c6c943；can_5574af48ec,,src_patch_wenbing_state_b64d02b422,2_1_3_臨床一-溫病學分章精要筆記(103-1_109-2).pdf,風溫｜肝腎陰傷；症狀：身熱面赤、手足心熱甚於手足背、口乾舌燥、神倦耳聾、脈虛大；方劑：加減復脈湯、救逆湯、一甲復脈湯。,phaseK1_structured_state_crosswalk_pdf_primary,high_seed_pdf_traceable,usable
wb_state_dbcbcee499,wenbing,風溫,can_a413321db6,營分,肺熱發疹,,身熱、咳嗽、胸悶、外發紅疹,銀翹散,can_bfd282c938,,src_patch_wenbing_state_5c555c2fe6,2_1_3_臨床一-溫病學分章精要筆記(103-1_109-2).pdf,風溫｜肺熱發疹；症狀：身熱、咳嗽、胸悶、外發紅疹；方劑：銀翹散。,phaseK1_structured_state_crosswalk_pdf_primary,high_seed_pdf_traceable,usable
wb_state_8a994a6a3f,wenbing,風溫,can_a413321db6,氣分,肺熱移腸,,身熱、咳嗽、口渴、下利色黃熱臭、肛門灼熱、腹不硬痛、苔黃、脈數,葛根芩連湯,can_c1472e20dd,,src_patch_wenbing_state_a6604bb9bd,2_1_3_臨床一-溫病學分章精要筆記(103-1_109-2).pdf,風溫｜肺熱移腸；症狀：身熱、咳嗽、口渴、下利色黃熱臭、肛門灼熱、腹不硬痛、苔黃、脈數；方劑：葛根芩連湯。,phaseK1_structured_state_crosswalk_pdf_primary,high_seed_pdf_traceable,usable
wb_state_1dec10c7a6,wenbing,風溫,can_a413321db6,氣分,胃熱陰傷,,身熱自汗、面赤神迷、身重難轉側、多睡眠、鼻鼾、語言難出、苔黃而燥、脈數,竹葉石膏湯,can_da7e4cc455,,src_patch_wenbing_state_9ff02a9c1b,2_1_3_臨床一-溫病學分章精要筆記(103-1_109-2).pdf,風溫｜胃熱陰傷；症狀：身熱自汗、面赤神迷、身重難轉側、多睡眠、鼻鼾、語言難出、苔黃而燥、脈數；方劑：竹葉石膏湯。,phaseK1_structured_state_crosswalk_pdf_primary,high_seed_pdf_traceable,usable
wb_state_9cc896d40d,wenbing,風溫,can_a413321db6,氣分,邪熱壅肺,,咳喘、咯痰不爽、身熱汗渴、脈滑數,麻杏石甘湯,can_9c51b57ef7,,src_patch_wenbing_state_4bb9fd83b5,2_1_3_臨床一-溫病學分章精要筆記(103-1_109-2).pdf,風溫｜邪熱壅肺；症狀：咳喘、咯痰不爽、身熱汗渴、脈滑數；方劑：麻杏石甘湯。,phaseK1_structured_state_crosswalk_pdf_primary,high_seed_pdf_traceable,usable
wb_state_4ad533d43d,wenbing,風溫,can_a413321db6,下焦,陽亢陰虛,,心中煩不得臥、身熱、苔黃、舌紅、脈細數,黃連阿膠湯,can_2894f9f3f7,,src_patch_wenbing_state_f8f03081d7,2_1_3_臨床一-溫病學分章精要筆記(103-1_109-2).pdf,風溫｜陽亢陰虛；症狀：心中煩不得臥、身熱、苔黃、舌紅、脈細數；方劑：黃連阿膠湯。,phaseK1_structured_state_crosswalk_pdf_primary,high_seed_pdf_traceable,usable
wb_state_502e2a7ada,wenbing,風溫,can_a413321db6,氣分/血分,陽明熱盛引動肝風,,壯熱如焚、口渴欲引涼飲、手足瘛瘲、角弓反張、苔黃而燥,白虎湯；調胃承氣湯,can_2ff0ddd4f5；can_07468b2497,,src_patch_wenbing_state_fd8c7c75a5,2_1_3_臨床一-溫病學分章精要筆記(103-1_109-2).pdf,風溫｜陽明熱盛引動肝風；症狀：壯熱如焚、口渴欲引涼飲、手足瘛瘲、角弓反張、苔黃而燥；方劑：白虎湯、調胃承氣湯。,phaseK1_structured_state_crosswalk_pdf_primary,high_seed_pdf_traceable,usable
wb_state_28cafe560c,wenbing,風溫,can_a413321db6,衛分,風溫客表,,微惡風寒、發熱、無汗或少汗、頭痛咳嗽、口微渴、苔薄白舌紅、脈浮數,銀翹散,can_bfd282c938,,src_patch_wenbing_state_6146e6d99b,2_1_3_臨床一-溫病學分章精要筆記(103-1_109-2).pdf,風溫｜風溫客表；症狀：微惡風寒、發熱、無汗或少汗、頭痛咳嗽、口微渴、苔薄白舌紅、脈浮數；方劑：銀翹散。,phaseK1_structured_state_crosswalk_pdf_primary,high_seed_pdf_traceable,usable
wb_state_6e0312c9c2,wenbing,風溫,can_a413321db6,衛分,風邪襲肺,,但咳、身不甚熱、口微渴,桑菊飲,can_a9a31fe009,,src_patch_wenbing_state_fe3b2211e5,2_1_3_臨床一-溫病學分章精要筆記(103-1_109-2).pdf,風溫｜風邪襲肺；症狀：但咳、身不甚熱、口微渴；方劑：桑菊飲。,phaseK1_structured_state_crosswalk_pdf_primary,high_seed_pdf_traceable,usable
